-2,-2,-1,12,11,10,1,2,1,49,-10,18,-6,0,2,-18,-61,7,2,-4,-3,22,55,-34,1,5,4,-11,-16,22,1,2,0,-4,17,-12,-4,-2,0,15,-52,14,5,0,-3,-65,44,14,1,1,1,28,41,-18,-3,0,2,15,-67,6,1,-2,-4,-6,-8,6,-5,-1,0,19,5,-4,3,3,4,-32,2,4,3,-1,0,20,16,-1,-3,3,-2,-12,11,-1,5,-2,-1,-6,35,-5,-5,-3,-1,12,-68,6,2,1,3,16,28,-13,1,5,4,-20,50,-14,-5,-2,-5,-40,-111,28,1,-1,-2,32,63,-18,1,-4,-3,59,-4,2,0,7,8,-42,22,-15,4,-3,0,0,-24,16,-2,0,-1,-16,-19,20,0,1,-1,6,40,-18,2,0,1,2,3,1,-2,0,1,11,-46,10,-4,-4,-4,19,-21,-11,-1,4,3,-38,22,15,IDLE
0,2,0,-6,-8,26,-2,1,1,9,18,-24,5,0,2,-5,-33,17,-5,-1,-2,12,-7,7,-2,-2,0,-17,-15,-3,5,-1,-3,42,71,-29,-3,8,7,-34,-40,35,0,-6,-5,3,-22,-13,-2,-1,-2,8,-1,-7,2,2,3,12,25,1,-2,-1,5,-6,-7,3,3,2,0,-44,8,2,3,-3,-5,38,-9,1,-7,-1,-3,1,-38,13,3,3,4,-19,66,-10,0,1,-1,-3,-47,2,-3,-2,-1,17,19,-6,-4,-1,6,5,-28,-15,16,5,0,-63,57,-14,-3,-8,-11,48,-8,37,-4,2,0,10,4,-12,0,1,4,32,-25,8,-5,3,6,-7,7,-31,1,-4,-10,-7,-27,9,-1,3,9,42,1,-23,5,-3,-3,-35,-10,30,-5,5,8,-32,63,-18,6,5,-8,-105,-45,45,-5,-16,-22,20,-94,37,9,2,19,174,124,-62,IDLE
5,3,-2,-41,44,-2,-3,-1,-4,32,-45,-4,1,-4,-4,10,-32,11,-3,3,5,-9,27,-1,-1,-1,-2,15,-33,-13,5,3,2,-19,19,4,-4,-3,-1,16,-10,9,-4,-1,2,-12,7,-19,7,-2,-4,15,-2,-2,4,2,4,56,56,-31,-1,5,2,-9,-72,27,-6,1,1,-90,13,14,1,-4,-9,-16,38,-11,-3,-6,-5,60,-18,-1,6,3,8,33,2,11,-1,4,4,-28,-37,2,-1,2,2,-41,13,12,-4,-6,-7,19,-4,5,1,4,2,9,37,-23,-2,-3,2,8,-45,2,7,4,2,-45,29,-5,3,-2,-7,25,13,30,-8,-1,2,21,15,-3,-1,1,2,-3,-49,-20,1,0,0,-2,15,-16,4,0,0,-1,-23,16,3,0,-3,-26,62,20,-6,2,6,47,-41,-6,-1,1,-1,-53,-3,-1,-1,-1,-4,-22,1,-19,IDLE
-1,1,-2,27,-34,-24,-1,-2,0,1,8,4,5,0,0,-17,16,14,-1,1,0,32,-1,6,-4,-1,0,-24,-23,1,1,0,-1,11,-2,-9,0,1,1,-14,5,5,-3,-2,2,12,20,-1,2,4,-2,-47,-23,-2,0,-4,-4,21,-13,15,1,-4,-2,41,24,-16,7,8,8,17,24,0,-6,-1,-1,-44,-34,23,1,-3,-2,3,-5,-23,-2,1,-1,2,0,7,-1,1,2,16,-2,-5,0,-1,0,-9,8,3,0,1,-2,-18,22,-6,4,1,3,28,6,-5,-1,-1,-1,-16,-21,2,2,-1,0,14,4,6,-1,1,2,-13,-21,9,1,1,0,-12,13,-1,-3,-1,-1,-8,12,2,3,0,-2,0,1,-8,-2,-2,-1,46,10,0,-3,2,2,-32,-25,-7,3,1,0,-1,21,-5,0,-2,0,8,-23,20,-1,0,1,7,4,-5,IDLE
-5,2,1,-18,-16,-2,3,-6,-5,20,-3,-18,0,3,0,20,15,4,-1,1,3,-21,-9,1,1,-1,-2,-3,18,4,0,1,1,-2,1,-4,-1,-3,-3,21,-12,-5,1,2,2,-12,-15,6,-1,0,-2,21,6,4,-1,-3,5,18,17,-12,3,8,5,-54,-26,0,1,-5,-8,-18,-21,4,-2,-1,-3,34,18,2,0,-3,3,9,3,-3,4,1,6,30,51,-39,0,10,3,-86,-33,34,-7,-9,-13,5,-9,13,-4,-8,-3,52,11,-44,12,16,16,-32,-14,6,7,-12,-16,28,23,15,-4,7,4,28,-35,57,-11,-2,9,7,69,-33,-2,3,-1,-101,-49,-15,13,-1,-5,86,19,-29,-4,0,3,-50,-40,57,-7,-8,-5,45,20,-22,0,7,7,-40,5,-25,6,-5,-6,5,1,5,2,3,2,36,-24,37,-6,4,1,-30,-3,17,IDLE
1,3,4,-37,54,-6,-4,-4,-8,-21,-40,-7,2,-4,0,19,-37,-15,10,2,4,39,33,10,-8,4,3,-13,14,31,-7,-6,-7,-2,-1,-25,9,2,3,-9,-15,-21,3,-4,-4,22,1,11,1,6,5,4,-14,31,-7,1,3,-42,-6,11,-5,-1,-1,-22,16,-23,4,-4,-4,23,1,-39,8,6,3,28,31,13,-5,-2,-1,-6,4,-8,3,-1,-4,-24,-50,46,0,-6,-6,57,26,-20,-2,10,14,0,-2,17,-8,-6,-1,-54,-17,3,2,0,-2,8,23,-38,6,4,-2,-22,-53,34,4,-1,2,67,65,-31,-5,2,3,-78,-9,42,-1,-3,-7,25,29,-42,-1,0,-1,-34,-53,19,2,-8,-6,55,16,-18,4,7,13,32,30,-8,6,6,7,-62,22,28,-13,-8,-11,-75,-56,40,-3,-5,-6,102,23,-72,1,-3,-6,-10,-58,21,IDLE
3,-2,-9,21,-3,8,7,6,-5,-29,29,52,-11,-8,9,158,0,-85,2,10,23,-63,-31,26,1,4,8,-107,8,5,-8,-6,-16,-77,23,-44,20,-1,-10,51,9,-18,-7,2,7,23,-30,55,-8,0,-2,-44,34,1,-4,-6,-11,50,-3,-2,2,-3,5,34,82,-58,4,15,17,15,3,-17,1,-9,-11,-55,-74,50,-4,-1,-12,-47,-10,27,-3,-9,-6,95,21,-32,7,9,19,0,-39,36,-5,7,1,-42,85,-18,-3,-15,-15,-30,-123,-9,7,7,14,118,3,-35,2,6,0,-64,44,59,-12,-7,-9,-103,-42,12,9,-4,-1,157,69,-68,6,14,6,-48,-69,35,-3,-13,1,45,68,49,-23,5,6,-33,-100,-69,8,2,1,-138,-32,-44,8,-4,-15,47,93,-15,14,-2,-13,64,38,40,-6,2,8,123,-16,14,-3,0,16,-30,-48,26,IDLE
-2,-3,-2,-31,60,9,3,1,0,29,-33,-1,8,-2,-1,33,9,18,-13,1,3,-32,-46,21,3,-6,-7,74,42,-53,3,14,11,-81,-28,29,-6,-10,-10,39,10,-14,0,3,6,-12,-6,-22,6,-3,-5,3,6,28,-3,6,7,-22,34,-20,1,-10,-12,-11,-20,35,1,-5,-3,104,-4,-39,5,15,17,-35,-21,37,-11,-5,-1,-55,3,-18,4,-1,-5,-14,14,-2,4,1,-5,42,29,-5,0,4,5,11,-47,25,-6,-2,0,-16,20,-16,3,0,0,-4,-5,14,-3,-1,0,-6,13,-5,-2,-2,-1,19,3,-36,11,3,3,-26,4,8,-2,0,-2,-1,-11,28,-6,-2,2,35,-32,-4,-3,-2,-3,-22,10,-15,5,2,-2,-2,23,1,0,-1,3,22,-6,6,-1,3,1,-38,-13,-2,2,-2,-1,30,25,6,-3,-2,-5,-15,-30,1,IDLE
-3,-2,6,48,-18,22,-7,0,5,-16,-35,-18,1,2,1,-27,-16,-6,6,0,-2,-6,14,3,1,-1,1,16,28,29,-5,0,-1,9,14,-15,1,0,0,-28,-33,-12,-1,-1,-4,22,-1,6,0,1,3,10,16,-2,2,-3,-2,-18,18,15,-2,2,4,27,-9,-7,0,0,4,-33,-8,-12,5,0,-6,-2,3,10,-7,2,3,-16,-21,15,0,-5,-10,41,16,-21,3,5,7,-11,6,-7,1,-1,-1,15,-6,-7,-6,2,3,-16,13,-3,9,-3,-3,10,-13,4,-6,-2,1,12,-19,10,2,1,2,-7,17,-8,-3,0,0,-2,-7,-4,4,1,0,-27,-35,19,-2,-1,-1,-5,55,5,3,2,-3,14,-9,-13,-1,-3,-1,18,-5,14,-4,1,3,11,-3,-20,4,1,1,-11,-4,-1,1,1,1,-15,23,17,-3,-1,1,19,-20,-7,IDLE
-1,1,1,-5,-1,-25,3,-1,-1,-15,11,7,-3,1,1,-8,-15,4,2,0,-3,4,-19,-6,-4,-4,-3,48,8,8,3,4,7,-26,-1,-8,1,-1,-2,-7,17,-1,1,3,3,-16,9,7,0,0,-2,-3,5,-10,-2,-2,-2,36,-15,6,0,1,3,-29,-19,-2,-3,-4,-5,22,2,-4,-1,-1,3,-17,-2,-17,9,6,4,4,27,3,0,-7,-13,41,7,19,-6,7,9,-42,-37,36,-2,-6,-5,56,34,-53,7,6,8,-12,-28,20,0,2,2,-41,4,5,-10,-5,-3,-12,-24,-10,7,3,-2,3,7,13,-7,-6,-5,34,41,9,3,10,8,-24,-8,-20,-1,-10,-9,-9,-20,-8,6,6,5,15,20,-13,4,-3,-3,4,9,27,-9,2,7,-29,-15,-2,5,2,0,-17,0,-7,1,-7,-5,42,9,16,-8,5,5,-16,7,-16,IDLE
2,3,1,20,-4,16,-7,-1,2,-17,20,6,1,1,-2,-4,12,-16,1,-1,0,8,-35,7,2,-2,-4,5,10,12,-4,2,4,2,29,-24,1,1,0,-20,-14,7,5,2,1,-5,20,-10,-3,-3,0,-1,-36,8,-1,-2,-4,30,9,-4,2,3,3,-12,-13,6,-1,-2,0,-6,19,4,1,1,1,5,3,-3,-1,-2,0,2,-18,8,0,2,0,14,12,-6,4,2,1,-53,14,21,-5,-2,-3,2,-10,-20,1,-1,-6,27,-26,19,-4,1,7,42,2,-23,1,-2,-2,-23,3,-12,4,2,5,9,0,19,-3,-1,-1,-16,3,-1,1,1,1,-4,13,-10,5,2,-1,-28,11,12,-3,-4,-4,32,-5,-6,2,1,2,-6,-20,11,-5,1,2,7,17,-13,4,1,-1,-6,-21,6,1,-2,-2,1,18,3,-4,1,1,-4,3,4,IDLE
2,-1,-3,12,2,-14,-1,0,3,-1,-9,19,0,-2,-2,-9,8,-17,0,1,0,21,0,-4,2,-1,0,-5,-4,16,-3,0,0,-2,2,-15,4,0,0,-6,19,7,-1,1,1,-12,-5,13,0,1,0,7,7,-17,0,0,1,-7,-12,18,-6,0,-1,12,-15,-33,3,-1,-1,-29,-81,-41,8,-2,-5,-1,-28,2,7,-2,0,89,115,35,-10,2,7,20,74,31,-6,4,2,6,-16,-58,3,-5,-5,-72,-59,0,4,-1,1,37,59,-13,3,5,2,-17,5,47,-10,-3,-1,4,1,20,-3,3,0,-34,-50,-9,2,-2,-7,35,21,2,-2,5,7,-23,-14,9,2,2,-2,-21,-12,-16,2,-1,-2,22,-11,3,5,-4,-1,34,15,34,-5,5,8,-10,7,-12,1,-1,-3,-38,-45,15,-2,-3,-3,8,5,-9,0,4,4,-29,21,10,IDLE
0,-2,-5,-22,83,-22,-3,2,3,-20,-20,-5,6,1,3,38,-14,-12,0,0,-1,-6,16,-8,0,0,0,-64,-31,26,0,-2,-3,40,27,-8,-2,1,1,17,-11,21,-1,5,3,-38,145,-71,-12,-4,-11,-47,-151,-16,-20,7,-53,-390,37,-450,109,-74,-188,559,-1095,414,-16,-9,26,1127,-141,322,-11,24,121,970,140,364,-31,31,148,563,775,16,-16,53,150,-92,440,-119,-28,53,69,-1398,-180,-115,18,29,-18,-1081,-400,-120,6,7,15,-465,802,-339,-8,-12,-7,-707,-287,-85,-10,-27,-18,-692,536,-53,-9,-48,-52,-762,-497,-190,52,-62,-148,-276,-390,-355,65,-56,-157,301,279,178,23,-3,-52,1202,497,141,-6,-3,9,876,-381,402,-58,11,72,230,654,-38,-8,17,35,371,-754,281,-17,17,48,-108,338,-138,-10,1,15,40,-364,17,-8,5,16,-120,77,-38,UP
0,2,-1,4,-14,10,1,-4,-7,49,10,-29,-1,2,4,-11,-12,16,-5,3,2,4,-9,-1,4,-1,-2,0,-4,7,2,-1,1,-5,0,0,-5,-1,0,-5,7,-11,3,4,1,-39,21,2,1,-2,-2,43,-21,-25,2,-1,-13,-9,-25,-27,2,-8,-73,-256,-1,-236,113,-78,-168,837,-935,338,38,6,0,1580,852,842,-171,30,196,903,18,97,-12,47,201,709,1045,-371,-18,46,141,-664,240,-191,-31,98,64,-2152,-1071,-113,44,27,-27,-1177,-93,-303,-25,23,-38,-1475,-232,97,-8,-63,-89,-951,-368,-187,18,-62,-49,-706,255,-295,22,-86,-121,66,-1142,-259,121,-55,-151,587,1533,68,-44,-9,-9,1297,-51,78,17,-11,-13,869,313,128,-34,20,57,557,-110,171,1,17,42,164,175,119,-38,14,52,179,-292,120,-5,6,10,-53,83,-52,-3,14,9,-162,-167,36,UP
1,0,-2,15,25,15,-5,-4,2,9,-15,-12,1,2,-3,-1,-1,-15,3,0,-1,-18,-33,20,-1,0,0,20,15,3,2,-3,-2,18,59,-20,-3,6,5,-42,-36,13,2,-1,-4,-31,-2,-43,-4,-10,-54,-68,-207,-91,79,-46,-162,427,-378,164,56,-44,-40,1377,104,460,-50,16,66,1620,698,364,-99,52,256,773,726,-326,-17,77,152,-270,228,-80,-38,104,91,-1922,-629,-229,9,28,-3,-1335,-593,-187,10,5,12,-942,-48,-150,11,-11,-13,-1339,-79,-28,0,-43,16,-1248,427,34,-33,-118,-112,-1821,-907,309,114,-138,-280,165,-1993,-347,100,-18,-185,2981,2869,-642,-42,29,32,1333,47,667,-48,44,133,296,88,7,-23,17,42,238,-126,85,3,38,41,-3,-87,98,-30,-3,15,4,-26,18,-5,9,16,-35,27,-62,0,4,-9,-89,-83,-42,6,5,-7,-30,6,-13,UP
-1,0,-1,7,20,-6,2,-1,-2,13,-49,19,-2,-1,1,-4,-19,-5,2,1,-2,30,17,16,-3,-3,5,-5,15,-21,0,6,3,-24,-4,0,1,0,-1,15,-1,-2,1,-2,-4,-47,-12,1,-1,0,-15,-74,-4,-73,49,-58,-194,42,-774,10,101,-61,-49,1817,621,537,-76,15,75,2102,592,315,-98,48,204,864,637,-169,-17,101,219,-257,620,-413,-14,110,101,-1929,-742,-51,-8,37,21,-1853,-825,-229,47,-3,-16,-1208,-339,-72,-20,22,-27,-1392,-289,93,8,-67,-43,-644,552,350,-53,-46,3,-2156,-429,59,5,-213,-262,-301,-1480,-391,183,-111,-275,1670,-16,-23,-6,129,18,2583,2252,-399,-41,27,107,925,92,208,-50,31,95,-71,-165,105,20,19,9,33,-190,80,-14,-1,11,48,-19,117,-17,12,24,57,13,-18,-9,2,7,-30,-34,1,1,9,0,-198,-15,-31,UP
3,-5,-5,73,-16,12,-4,4,5,-85,62,4,-2,-1,-2,40,-24,-9,5,2,1,-40,19,-8,-1,-3,-5,-1,-15,7,2,0,2,52,13,-7,-1,0,3,-16,9,-8,0,0,-4,-12,-30,-2,1,2,-15,-72,-48,-50,28,-28,-138,-42,-560,-8,169,-155,-104,1681,147,458,-43,-37,0,4304,2335,369,-196,85,535,-503,2700,-673,-80,220,153,-1591,-3143,-742,62,41,-60,-2197,-2201,-165,67,109,-10,-1983,309,515,-4,-44,-31,-1065,-373,43,29,-36,10,-688,126,364,-60,-50,-15,-2442,414,442,-19,-166,-278,-1707,-2613,397,171,-92,-304,2338,2357,-1098,-52,-2,0,3647,299,-394,-19,36,64,182,658,314,-20,91,168,455,-258,213,-20,16,25,-295,123,-10,-10,-6,9,-89,-425,66,5,-6,-11,70,75,-65,9,8,3,121,38,21,-6,-3,-3,58,133,11,0,11,12,-107,-116,44,UP
0,-1,1,-75,-38,-18,10,-3,-9,29,33,10,-6,2,4,16,32,-3,-3,2,2,0,-24,-9,7,-4,-5,-31,14,-5,1,2,1,49,-4,17,-5,0,2,-39,3,-8,-1,0,0,17,-45,-14,4,1,-12,-103,24,-52,0,-20,-70,-240,-481,-121,150,-102,-179,1271,-283,255,-22,-14,0,2069,436,686,-85,-13,119,1898,642,359,-56,73,275,561,1686,-326,-50,143,287,-1316,421,-677,-1,80,-8,-2926,-1246,-157,46,26,10,-1291,-1440,-236,46,33,-23,-1705,-577,132,-26,-36,-27,-1543,413,591,-71,-116,-36,-2655,-875,-111,21,-276,-325,574,-2519,-1002,166,-16,-272,2466,4276,-75,14,99,0,2066,-139,321,-29,61,117,1183,798,141,-99,52,131,52,-900,270,8,6,-3,-341,-113,12,4,2,-5,101,56,7,-16,10,20,84,-31,27,-9,2,12,-158,-33,-53,8,-1,-14,123,-47,-37,UP
-5,-2,2,23,-30,-6,-1,3,2,-41,11,-22,2,0,2,25,46,-16,4,-3,-6,-59,-69,-9,8,0,-3,116,10,33,-10,-1,3,-69,30,21,-1,6,6,-15,-5,-16,1,-1,-15,-35,-79,-36,29,-23,-126,-192,-524,-124,123,-103,-121,1499,128,460,-34,-39,0,2727,972,638,-132,52,334,1078,2011,-349,-108,161,260,-851,-867,-941,61,134,-7,-2781,-2404,-43,51,23,-30,-820,-15,-232,36,-7,-27,-1328,564,497,-19,12,23,-621,-23,124,-17,-51,-44,-1136,-200,265,-34,-35,-61,-1206,113,8,11,-135,-182,-148,-531,-41,84,-61,-169,735,462,-231,-12,-6,-60,1947,333,-274,39,19,10,1036,491,133,-81,58,171,99,87,115,23,6,-3,51,-270,-14,-24,-14,8,5,-117,50,-5,14,34,42,-254,32,-7,-5,-1,1,128,-89,13,5,1,-60,-76,3,0,1,0,63,51,1,UP
-5,-1,0,-63,-32,-16,6,0,-1,98,-32,-1,-2,-2,-2,4,47,15,-1,2,8,-48,4,-3,-5,2,8,-15,-26,-22,8,-4,-14,9,47,-16,-3,2,-13,-147,2,-27,15,-20,-98,-84,-409,-117,76,-88,-143,1116,-349,179,80,-39,0,2635,339,894,-124,-25,161,2593,1997,211,-121,165,465,-1279,1432,-600,-34,147,17,-3152,-2392,-703,58,23,-28,-629,-1403,-507,63,40,-25,-1635,43,411,-13,-11,-58,-716,451,224,-11,-19,-12,-639,53,285,-60,-5,30,-2152,-261,-19,-18,-215,-161,-1739,-822,-370,177,-124,-301,2300,-310,-153,-11,34,-72,2045,1641,-353,24,38,22,1267,82,414,-42,47,135,235,480,151,-32,24,56,207,-544,120,-15,8,26,-173,73,25,-20,3,19,183,-133,-9,11,1,-9,-231,86,-49,12,3,-7,160,-77,12,-16,7,16,-168,-6,2,4,-6,-14,76,-5,2,UP
0,8,11,-73,-8,30,1,-4,-3,46,-3,-26,1,-5,-6,-41,13,8,-4,10,11,-37,-33,2,3,-10,-16,86,20,-1,0,5,4,-54,-20,-13,1,-2,-20,-97,-164,-11,20,-36,-106,-3,-474,-76,123,-64,-130,910,270,322,27,-79,0,3039,391,989,-169,46,246,1412,1623,-206,-99,129,294,-341,610,-813,-9,177,112,-2706,-1730,-570,63,3,-81,-1076,-989,-268,74,62,-1,-1512,138,391,1,4,-17,-637,238,232,-28,-32,-31,-1101,-315,279,-60,-41,-19,-1104,384,68,-15,-121,-110,-1384,-868,-373,76,-130,-248,1122,-667,-224,34,-42,-145,1677,1669,-113,21,100,118,746,75,116,-2,-16,6,1021,212,44,-45,37,90,-15,-174,147,11,1,7,183,-112,27,-24,-1,25,76,-29,94,-12,9,27,-123,17,-84,8,-1,-8,18,-114,-4,6,1,-9,-97,126,16,-5,3,5,126,-91,26,UP
-1,1,-1,24,64,0,-8,1,5,-23,-38,-25,9,0,-5,21,12,-11,-3,-2,-3,4,-31,12,2,-1,1,47,85,-4,-5,3,9,-48,-47,-8,2,2,-1,-58,-29,-15,4,-1,-28,-158,-127,-41,66,-44,-170,161,-653,29,50,-64,-64,1632,160,449,4,-31,0,2321,662,642,-131,13,244,1358,1563,-116,-77,165,332,-1200,462,-883,-6,110,7,-2039,-2634,-363,110,49,-20,-878,89,-168,19,17,-18,-1545,518,462,-20,30,32,-494,-4,65,-6,-94,-45,-1144,96,291,-89,37,29,-1318,-305,-81,12,-126,-128,-1674,-776,-535,132,-191,-234,168,-275,405,-9,-9,-187,3010,1267,-649,20,35,32,1159,444,115,-41,52,97,798,192,76,11,13,51,-21,-534,285,-48,13,58,-19,-78,-3,-3,2,8,-64,50,-4,8,5,3,43,-101,18,-5,-2,1,70,59,-4,1,7,9,-128,-5,40,UP
-3,-4,-4,66,-25,-18,1,1,3,5,-38,7,0,5,8,-60,45,0,0,-3,-6,65,7,-9,-8,-5,0,-31,-36,-26,11,3,-2,21,0,2,-1,-2,0,-13,3,22,-1,0,-5,-48,0,-20,19,-27,-119,-257,-463,-88,80,-79,-136,921,134,335,8,-65,0,2567,-142,461,-50,35,122,1810,1470,183,-90,68,363,955,1362,-440,-64,184,187,-2457,-654,-630,45,71,-18,-2071,-2023,-445,75,39,-40,-1334,-304,172,11,3,-2,-1602,590,487,-44,-58,-35,-494,-214,298,-58,-11,2,-1710,-608,-7,28,-119,-87,-3149,-503,-353,211,-283,-463,3192,-689,326,-63,62,-29,2796,1970,-659,-29,115,77,332,826,141,-21,40,78,832,-467,147,-32,36,83,-30,-190,74,-22,-11,0,-100,-39,37,7,8,20,46,-9,-89,-8,8,17,-88,-69,51,8,2,-16,-42,63,-48,10,-2,-9,11,-19,40,UP
1,-2,0,-11,7,-15,4,1,-3,25,-1,5,-2,-1,1,3,-35,15,-1,1,4,-10,25,-9,4,-2,-2,0,5,15,-8,-15,29,42,158,13,-90,8,284,-1343,944,-343,-48,-149,31,-2935,-1194,-52,59,-224,-289,-128,-1850,-823,290,64,-310,2355,1894,-258,4,154,52,2398,1848,1320,-282,-53,165,-195,-56,85,209,-29,-217,1424,-3611,892,-62,2,115,1871,2429,177,-144,35,291,883,676,-396,-70,222,198,-2531,-866,-719,76,0,-74,-1962,-607,18,12,6,-122,-938,-571,131,51,-34,-170,336,-120,39,2,33,-24,154,1107,65,-11,-3,26,379,30,-145,-22,-12,17,-269,-193,86,10,0,-17,24,-111,-105,12,-11,-5,228,26,-34,3,-2,11,10,27,37,2,-4,-1,127,-72,2,0,-1,-4,-15,136,21,-3,-6,7,105,-60,-1,-5,4,10,2,36,6,3,-2,-4,-67,-50,-6,DOWN
-5,-3,0,-21,-9,-5,-2,1,3,-15,3,-9,1,0,-3,30,-46,0,0,-2,5,13,41,-4,8,2,-1,-38,40,-4,2,-4,-7,15,-61,37,-4,3,3,14,30,8,-2,0,3,-27,-28,-1,4,-6,2,12,-24,12,-16,-20,100,-186,389,-4,-131,-27,263,-3679,-652,-331,68,-240,-156,-659,-362,-715,85,-41,-162,-198,859,50,121,-60,-245,2300,387,111,-121,-70,23,2971,-203,1106,-58,55,109,1273,-129,-112,82,-6,-70,1368,-811,532,-40,54,137,1560,442,53,-55,165,167,-126,28,-178,-9,143,57,-1479,42,-275,-6,93,-15,-2303,-312,-392,46,-5,-83,-728,-291,22,44,13,-75,-411,151,1,16,12,-31,101,549,27,3,-19,-24,93,34,121,-9,12,15,-25,-65,-33,-9,-14,-10,87,2,-75,0,0,16,-54,3,25,10,-4,-12,64,17,1,-2,2,5,-22,-41,51,DOWN
-4,1,2,8,25,-13,-5,0,5,7,-36,-26,1,-1,-3,-28,34,-13,8,-2,-2,-25,38,1,-1,1,0,54,-28,13,-1,0,4,-4,-33,25,-4,-2,-2,-29,51,-14,5,1,10,-1,78,0,-16,-20,109,-28,636,-96,-111,17,323,-4070,-199,-270,57,-352,-135,-2198,491,-398,65,-147,-294,1207,-1553,789,79,-8,-208,2173,1278,-352,-86,0,19,3199,237,295,-82,57,149,1338,-550,127,-6,25,-3,696,-835,-97,70,-6,-57,1322,-17,301,2,88,116,897,342,13,-40,105,113,550,-125,-98,9,185,94,-1448,789,-316,-49,105,22,-2692,-580,-83,43,-18,-105,-961,-781,-78,54,-10,-121,-389,26,250,4,29,-19,78,762,-16,-11,-20,-34,284,-104,22,4,13,25,-95,153,17,-13,-19,-9,43,-99,-41,5,4,14,-3,155,7,2,-4,-6,-51,-79,17,2,-8,-12,85,-126,-21,DOWN
-3,0,1,-8,36,4,5,3,2,-39,-35,18,-8,-1,3,21,-18,-21,9,-1,-3,-16,55,-11,-1,0,-1,40,-12,13,-5,-1,6,-44,-26,5,5,-1,-3,-5,51,13,3,-15,31,-2,132,41,-44,2,297,-1107,1020,-265,-37,-159,75,-4357,-1458,246,73,-227,-44,-2813,1724,247,-7,-188,-379,3122,-2285,202,50,0,-116,2525,1743,-922,-81,0,48,2894,-146,400,-57,36,107,1737,-421,-94,11,7,-38,1069,-1208,179,89,27,36,2217,746,77,-31,106,104,663,157,159,-23,203,109,-1011,-114,-195,-22,146,7,-1689,78,-274,21,102,-36,-2604,-462,4,31,10,-45,-529,298,-339,20,-33,-116,-260,-416,423,26,41,3,-93,599,-103,4,-11,-51,215,7,73,-18,-1,8,-49,39,157,-3,4,16,-71,50,-81,-3,-17,-11,118,-56,-26,6,-1,1,-52,43,36,1,9,11,69,-98,6,DOWN
4,-1,-1,38,11,-9,-1,0,4,-12,6,1,0,-1,-1,-9,-59,-3,1,2,1,-21,55,-2,3,-3,2,-22,6,24,-6,-1,-2,36,-39,-7,7,2,1,-56,36,18,0,-4,6,-6,9,2,-3,-9,23,-110,70,42,1,-2,203,-1706,631,-167,-40,-131,158,-3517,185,113,-5,-212,-56,-1279,-183,478,-51,-235,-255,922,-939,-32,79,-23,-261,2508,474,-706,-14,0,-24,3634,186,-97,-22,44,162,1761,6,-57,5,35,3,997,-1501,737,29,37,20,1296,817,-149,-19,106,99,775,-238,258,-27,126,64,-165,459,-203,6,161,83,-1479,290,-427,-8,86,24,-2047,-105,17,26,43,-71,-1900,-676,13,34,13,-91,31,293,-220,6,-31,-87,55,-187,285,10,32,3,-81,631,0,-2,-12,-13,180,-85,-16,-6,-5,13,-115,3,79,-14,-15,-12,79,-215,-34,10,-3,2,-47,115,53,DOWN
-4,1,-3,-18,20,7,1,-3,-1,-16,-50,17,-1,4,0,-6,23,-29,8,-5,-8,56,9,34,-3,2,8,-33,12,16,1,-10,17,-11,39,16,9,-21,92,-180,694,16,-92,-7,296,-3128,-814,262,64,-183,-31,-3016,1234,-280,-100,-294,-191,782,-1246,519,59,-90,-302,1914,570,-1116,26,39,-52,2517,529,358,-52,43,109,1883,-578,81,1,43,52,685,-660,203,19,-10,-75,1012,-598,258,0,18,23,1185,18,141,37,87,102,1198,593,-19,-30,132,116,-25,154,-303,3,191,131,-1512,262,-482,30,40,-104,-2571,-654,480,9,47,-32,-556,402,-372,1,-27,-101,-373,-556,93,42,23,-24,-91,823,77,-29,-22,-45,125,-468,-21,25,16,7,16,235,28,-16,-15,-1,153,-32,-20,2,-4,6,-22,-19,-1,5,1,-3,63,37,-3,-3,-2,12,70,28,23,-2,3,10,-105,-2,23,DOWN
-7,0,6,2,-58,-1,-6,0,-5,17,-5,-47,8,2,4,-60,30,44,2,-4,2,-12,30,9,1,-4,-2,0,2,30,3,-5,6,-5,72,23,-21,-1,122,-503,558,-75,-47,-29,158,-1685,462,-37,-2,-120,-2,-1598,-179,233,-19,-118,-181,-737,-749,333,-4,-88,-164,1245,685,-605,-15,-66,-104,1411,98,175,-18,-9,-26,1809,-145,-226,-61,42,86,1049,-1156,181,57,20,-19,238,-553,-135,10,-12,-20,1117,-480,-58,36,55,95,927,809,-89,31,72,118,774,218,54,-22,124,100,-805,-96,75,25,93,36,-1040,392,-402,-2,43,-50,-1996,-182,549,30,14,-74,-214,-188,-259,-10,-27,-83,-210,283,224,11,20,-6,262,275,-46,-29,1,9,-97,-270,-3,35,1,-17,40,232,33,-8,-1,2,27,-159,23,-15,-6,7,69,28,-10,6,0,0,-104,-23,-27,8,2,-2,73,22,19,DOWN
-2,-3,4,13,-37,-25,5,2,8,-33,23,16,2,-5,-12,6,6,12,2,-1,-3,1,-8,7,-6,8,13,-26,13,26,5,-15,23,-94,109,20,4,-8,102,-289,767,43,-39,-16,155,-2022,295,351,-13,-134,-15,-2010,-57,299,-31,-168,-145,-182,-995,171,-24,-77,-215,1320,1170,-490,-32,-46,-71,1466,-843,-226,-38,48,120,1582,681,-485,-26,33,44,442,-1475,182,50,-31,-91,633,-727,-30,9,-33,-40,1315,-36,20,58,21,58,1815,-25,12,28,99,158,725,325,-14,15,132,90,-366,397,37,-25,170,98,-1982,46,-325,28,24,-65,-2162,13,240,17,10,-95,-656,-124,74,27,-21,-110,156,392,4,-9,16,-16,-15,284,102,0,-1,-8,120,-44,-32,-18,-5,-5,99,-198,-13,-4,-10,7,128,39,-30,13,5,15,-63,43,-14,11,-3,-8,52,-108,47,-7,-1,7,-25,52,8,DOWN
1,-6,-9,33,6,-15,-3,0,2,-13,26,0,2,-2,-6,-4,-41,-11,3,4,1,-9,51,25,-2,-1,2,42,-43,-18,-1,-1,6,-7,17,-5,6,-4,20,-96,99,29,0,-10,89,-49,792,36,-43,3,186,-1717,91,87,22,-120,5,-1736,-322,168,-38,-149,-2,-3382,1354,574,-94,-222,-231,2331,87,-839,-35,-78,-192,2319,-1416,668,-112,0,106,1587,1498,-2034,119,199,134,1889,-2383,1209,3,-5,-85,-161,-1012,325,33,-67,-122,1354,-1804,852,82,-30,-33,1636,1419,-335,-18,85,178,790,1654,-524,24,144,129,-370,451,-583,-17,198,103,-1548,-1061,-180,52,55,-41,-2023,521,82,-10,0,-128,-1165,-477,365,24,27,-53,-362,351,-118,14,-28,-84,451,-91,92,-4,3,6,-32,464,98,-12,-9,4,124,-302,-47,14,-6,-23,40,139,77,-5,7,29,93,67,-15,-4,-1,4,-137,-185,4,DOWN
5,-1,-7,42,-2,-20,-4,-4,2,43,2,-15,6,2,4,-21,20,0,0,-1,-1,-3,-33,2,2,-5,-2,24,60,25,-4,7,9,-57,-4,-8,2,-4,14,4,38,16,-1,-13,41,-146,370,24,-36,2,172,-728,816,-115,4,-64,73,-2695,-924,311,17,-130,-5,-2005,1142,105,-50,-326,-297,827,-1674,81,-30,5,-108,2378,1459,-496,-24,73,75,1667,-657,109,-13,52,49,793,41,-476,36,29,7,504,-1165,474,-1,-87,-113,1422,-1116,391,16,-32,-18,1796,901,-275,63,90,150,1305,239,74,4,156,171,-553,1207,-441,-63,204,119,-1938,-1030,-90,44,38,-91,-2697,41,198,-6,-7,-126,-387,-4,42,20,-22,-124,-118,-242,-24,37,15,-45,602,776,2,-43,8,32,29,-219,84,14,-6,-1,-96,-16,-8,-5,-3,21,77,10,-18,-1,-5,2,-98,-74,-43,9,2,-2,-21,66,65,DOWN
-4,-4,-3,77,-28,-17,6,2,-3,-58,66,9,6,5,2,-1,-5,22,-8,-1,2,43,-62,-14,-5,0,4,-29,-15,-14,9,0,-6,8,62,10,-4,2,8,12,9,3,9,-8,29,-77,190,33,-8,-5,162,-254,919,-51,-29,-28,175,-2634,-804,356,50,-122,-1,-2580,511,245,-78,-373,-232,-633,-972,-206,-105,-1,-202,2493,1312,-493,39,14,57,2158,-229,-188,-8,47,21,2015,-1019,-89,54,35,10,1141,-451,452,-39,-81,-69,1940,-963,359,45,63,105,1751,874,-352,29,171,132,-151,151,-44,4,131,53,-904,599,-305,-22,180,48,-2304,-453,-120,29,-6,-115,-1945,-301,176,53,28,-102,-669,312,132,-17,-17,-73,428,40,-55,15,4,-15,46,255,127,-15,-1,5,48,10,6,-6,-6,-1,-18,-41,12,5,-2,8,-25,61,-38,6,1,1,138,-25,-6,-13,-8,5,8,-39,8,DOWN
3,-5,-4,40,-5,10,-4,4,8,-16,24,-6,-5,2,1,-52,-18,-14,-6,5,-6,-8,-3,-62,-43,27,-4,-61,1,-3,-206,-6,-9,-221,-160,-480,-51,-109,-101,590,145,-1896,111,-100,88,454,-409,-1394,297,-76,42,131,392,-786,122,70,53,-300,615,1033,22,41,-16,-469,-951,1876,63,14,-11,-84,645,1712,-22,-54,13,-535,-582,2468,-35,-37,-12,131,625,1564,-215,-14,26,-697,-520,1153,-155,62,-52,133,189,-1302,-188,0,-81,-106,-80,-1714,106,86,14,714,448,-1392,116,47,3,403,-298,-588,44,34,36,47,328,-248,38,-23,1,86,-346,-12,1,11,18,-68,140,-28,10,-11,-12,-53,-128,-3,6,8,8,6,30,14,-5,-7,-5,-8,-102,35,8,5,-1,-31,95,15,-15,-4,-2,21,-67,62,-4,3,3,-8,32,-20,3,2,3,-76,-60,5,6,-1,-1,97,23,-13,LEFT
1,6,5,-15,15,-27,3,-2,0,16,-37,24,-4,-1,-1,-15,31,-2,5,2,-1,-8,12,-5,-1,-2,-2,17,-37,11,-2,3,-1,-1,27,11,-1,-2,0,1,-19,-8,-1,0,1,6,13,-12,-10,10,3,-22,-1,-6,-141,-9,-40,-125,-21,45,-279,-89,26,310,-61,-1635,180,-126,-52,449,-358,-2671,320,-21,73,431,499,-777,257,59,3,-527,-166,1131,-49,83,72,132,-375,2294,-62,18,4,-1227,346,1899,-19,-47,-44,40,-166,1326,56,-30,-22,4,757,1264,-152,-37,11,-8,-346,1307,-104,44,38,-581,154,411,-184,18,-98,290,80,-1671,-83,13,-38,228,-67,-1304,107,71,23,694,308,-1468,92,39,26,75,-405,-400,40,2,9,30,39,61,22,-5,17,-104,-141,-4,5,-1,-3,-45,-73,-5,7,-5,-13,-17,-2,77,3,13,8,-95,-25,66,-3,-8,-13,104,45,28,LEFT
5,2,-2,-30,9,-6,3,0,-1,-5,-1,8,-3,-1,2,36,3,-1,-3,-3,-2,-21,-37,3,2,0,-5,24,29,4,-2,2,6,-15,16,-5,-1,1,1,-14,-21,-17,-1,0,2,-1,-18,-21,-16,15,-8,3,-6,7,-181,2,-29,-151,-32,52,-297,-170,8,631,-282,-2934,253,-115,6,-42,-535,-1952,403,-60,67,377,4,-928,181,116,2,-235,1198,2251,-17,64,25,-208,-1270,2339,-12,30,-7,-548,1276,1946,-112,-18,-2,-292,-525,1851,-13,-30,-40,238,398,1023,-81,-4,39,-917,40,1369,-192,10,-68,684,316,-1547,-167,52,1,-440,-261,-824,42,44,-52,699,313,-1785,73,38,21,336,-396,-689,87,42,35,-8,104,-353,45,-4,-10,-55,-228,97,-5,-8,19,143,8,17,7,-1,2,-242,-89,-48,18,4,-9,3,-7,56,-3,-6,-8,3,4,54,-10,0,0,3,6,65,LEFT
-1,1,3,27,3,-8,1,3,4,-71,-13,16,0,-1,-8,38,32,-9,0,0,2,2,-12,15,0,-2,-2,-27,-1,-3,1,2,0,72,0,-7,-6,3,7,-31,-14,-9,3,2,1,-38,-15,-18,-34,10,-14,9,56,-28,-282,-34,-23,-339,-204,-29,-178,-127,6,684,-186,-3543,318,-137,9,519,-1020,-1350,356,-48,96,-19,1029,-1310,200,109,-43,-203,295,3185,-40,66,40,-360,-680,2244,-61,33,4,-273,1225,1850,-83,-26,5,-558,-654,1888,62,-61,-39,41,969,1048,-157,-46,22,-241,-725,2064,-271,89,-56,178,663,-2189,-181,-1,-68,-407,-794,-1111,98,100,-15,863,581,-2003,120,85,48,243,-198,-757,76,3,32,-61,-139,-327,69,-12,-7,28,-166,118,-1,-4,7,-32,79,97,0,-2,-4,-78,-110,81,-8,1,-3,6,-58,51,-5,-1,-2,-6,78,5,-11,-1,-3,37,-38,-2,LEFT
6,3,6,39,88,-30,0,-2,-1,-36,-31,37,-3,1,-1,-74,50,26,0,-2,-1,65,-37,-29,5,1,0,14,21,20,-7,-2,1,39,-22,35,-3,6,3,-56,5,-53,-4,1,-2,4,-39,17,-64,13,-14,-27,15,-39,-296,-52,10,-107,-229,-918,-2,-116,-4,156,-46,-2864,265,-76,25,589,-908,-1113,329,-25,-9,-143,609,222,15,62,49,-97,82,1655,83,42,-11,-33,89,1928,-49,26,9,-335,572,1744,-58,1,22,-157,12,1434,-6,-23,-29,-168,112,1204,-113,-27,-12,-230,-312,1115,-140,16,-25,-54,437,-518,-164,31,-28,-120,-144,-975,-2,74,-3,494,286,-1495,47,25,-7,131,-309,-934,99,41,21,21,101,-593,51,-14,-18,152,-231,43,21,3,14,33,-13,60,-13,-2,13,-16,-15,0,-3,-2,2,-89,-110,-29,15,4,-3,-14,25,-8,0,-3,-4,21,-28,80,LEFT
7,4,3,3,81,-14,-3,-3,-5,-44,-37,29,0,-4,-8,29,11,-20,-5,-1,1,50,-14,-31,5,1,5,49,8,-7,2,12,9,-49,7,8,1,-5,-5,-41,21,27,-5,-1,-1,-22,-12,24,2,1,0,-36,-13,-19,-41,8,-19,62,153,-25,-403,-125,-23,-156,-397,-1011,145,-54,68,780,11,-3360,301,-28,44,-515,-498,-1035,212,47,-44,-242,517,1219,83,-38,-40,140,-512,1974,-23,16,34,415,815,1804,-37,36,63,-299,-205,1979,-10,-36,-47,-347,249,1190,2,25,39,120,890,1130,-251,-61,-59,-328,-1667,1509,-80,40,11,-564,1328,-1029,-206,1,-64,146,484,-2437,34,74,1,842,-704,-1324,134,70,10,489,-167,-913,81,39,30,-450,-141,-83,59,-7,-14,242,-181,106,-9,-4,17,-357,16,162,5,1,-2,150,-64,-31,0,-7,-6,-207,-53,129,5,1,-7,150,80,0,LEFT
-1,6,10,-30,14,-2,-3,-3,-5,37,-41,-6,-1,-4,-3,4,-13,5,3,5,3,24,31,-5,-6,-1,5,-9,-25,8,4,2,0,-70,22,-10,-24,13,-2,14,-16,23,-191,-5,-2,-301,-222,14,-184,-116,-3,374,-284,-2505,172,-107,-16,271,-508,-1739,312,-57,51,163,2,-871,148,20,18,185,486,1118,34,57,24,-299,207,1587,42,55,-8,-274,277,1811,2,14,-6,-146,249,1924,-63,-22,9,-177,-10,1742,-56,-30,-29,-283,-43,1608,-200,-10,7,-301,363,-62,-119,49,-78,562,52,-1466,-108,55,25,-272,-236,-1377,58,41,-30,470,-10,-1550,91,48,22,-51,21,-454,74,12,5,92,-44,5,18,-8,2,190,-208,74,-2,-3,16,-180,-23,13,11,-9,-15,28,-18,47,-2,1,2,-31,-53,28,-6,5,9,4,-19,37,2,-5,-1,-49,23,-5,6,3,-6,9,49,13,LEFT
4,-2,-4,4,-12,-18,2,1,-2,-16,12,26,-5,-1,-1,19,-26,7,3,-4,-4,29,22,-12,-1,8,9,-22,-3,-13,-11,0,0,10,-34,4,-52,19,6,-40,-10,-5,-330,-54,-2,-275,-692,-566,12,-99,-56,210,632,-2987,282,-137,46,758,-1379,-1099,238,-10,35,6,394,-16,87,52,46,131,665,1397,64,49,-1,-499,74,1492,-21,45,6,-37,399,1637,-22,21,21,-472,339,1663,-25,-39,-31,-239,-13,1383,-37,-29,-14,-280,314,1684,-156,-44,-58,66,5,107,-222,64,-9,271,-219,-1138,-94,63,-31,420,145,-2018,83,65,12,-83,-298,-1184,131,52,28,130,191,-661,27,2,8,-87,-604,221,43,-17,-16,91,178,-44,-11,-3,19,-59,-70,30,14,-2,-15,-17,-9,-17,7,5,3,-16,17,110,-22,-7,0,4,-64,73,-1,4,4,-40,3,-31,6,-2,-4,0,-15,-16,LEFT
8,6,3,21,-30,18,-1,-3,-3,-44,40,12,-4,-3,-3,8,-11,-11,6,2,4,16,-3,12,-1,0,1,-56,4,20,1,1,-5,23,-17,-8,-14,1,4,-9,2,-12,-70,14,4,-19,-126,-18,-240,-36,26,-114,-358,-817,-25,-97,-87,-105,535,-2442,173,-130,34,953,-1214,-1594,248,-89,41,61,-217,-820,208,75,32,0,936,1825,35,101,21,-274,247,2520,-40,35,31,-396,-9,1418,-50,0,-5,-522,440,1754,-28,-29,-35,-206,-235,1272,-16,-27,-34,-523,365,1379,-113,-25,-25,155,687,238,-235,46,-30,531,-342,-1303,-67,72,8,108,-219,-1332,81,43,-10,414,124,-1490,58,49,23,-40,-458,-380,55,11,6,114,44,-249,28,-6,-4,-66,-96,-57,7,-7,4,33,-37,-10,9,6,0,-62,-54,-3,11,-4,-6,16,24,69,-15,3,16,-127,-116,3,20,-14,-30,-14,17,45,LEFT
-3,4,4,2,4,-17,0,-2,2,-25,-25,17,0,-1,-2,12,32,-35,3,3,-2,3,-19,18,1,-1,-1,-1,38,17,-6,0,5,-36,-33,-14,-19,11,1,-4,-6,-55,-110,11,-11,69,-120,-126,-312,-90,4,-352,-378,-1295,144,-109,-20,-74,837,-2811,210,-110,-3,1077,-2098,-245,240,13,80,111,1037,-287,102,52,26,-288,57,1536,89,72,-8,-348,241,1998,-70,17,-5,-90,414,1691,-83,8,6,-455,297,1441,-13,-35,-15,-62,210,968,-49,-40,-22,-347,-112,1625,-39,9,-23,-302,426,717,-231,43,-23,775,-221,-1827,-96,48,-3,70,-310,-1234,28,45,-14,36,249,-1499,127,44,16,363,-313,-546,40,19,18,-154,-13,-206,39,-4,-10,-40,-116,48,8,-8,-11,115,36,39,-18,0,17,-49,-74,15,16,-4,-14,17,22,-38,-1,11,18,-52,-27,-22,2,-8,-4,8,-39,63,LEFT
-6,0,1,33,1,11,-1,-6,-3,19,30,-22,3,8,8,-25,-50,18,1,-2,-2,15,37,-11,0,0,0,-29,-5,20,-4,-2,-3,32,6,-25,-6,5,7,-59,-20,-12,-34,12,1,7,-73,-59,-165,6,10,-139,-429,-170,-140,-74,-51,-25,-175,-1674,144,-130,-54,346,-77,-1508,180,-75,65,1231,-567,-697,200,25,110,-226,984,-23,43,55,31,-640,-11,1222,80,44,-38,-247,76,1792,-2,36,9,-275,578,1291,-75,-13,2,-354,11,1503,25,-54,-42,-401,152,1510,-57,-18,-7,-233,844,1014,-234,-86,-31,-16,-712,1085,-135,78,-25,1072,-329,-1940,-86,71,14,-143,155,-1785,70,63,-23,99,151,-1283,124,70,33,-60,-107,-429,29,-13,-15,129,-402,-21,36,-3,-4,-103,116,30,-3,-4,-3,134,-105,42,-4,-1,14,-18,-67,3,11,7,-1,-101,-9,-20,3,-8,-6,107,-30,29,LEFT
-3,-3,4,26,-1,18,-2,3,0,-58,41,-29,3,-3,-9,37,-33,8,-2,0,4,-41,4,-6,-3,1,2,6,-32,-22,-1,0,-6,15,-29,1,-66,15,-14,25,-124,9,-272,-55,-9,276,-548,-787,11,-107,-1,-101,685,-2610,183,-113,69,428,-1049,-1593,391,-17,27,-152,42,377,68,69,-20,-202,998,1464,21,58,-1,113,-481,1968,-21,57,20,-242,971,1619,-88,1,18,-252,-132,1371,-46,-37,-39,-331,-242,1286,-81,-36,-40,-156,698,399,-76,35,-1,153,-39,113,-138,14,-12,334,-897,-299,-68,46,11,-410,451,-1323,-10,-3,-30,462,-107,-1436,122,56,9,227,408,-628,45,39,30,-128,-132,-29,28,-18,-23,121,-354,35,1,-3,1,-31,92,-4,-15,-2,9,-74,-246,10,12,3,-2,-21,-40,-15,12,-3,-4,-47,2,78,-4,2,12,62,59,11,-2,3,0,-15,18,-11,LEFT
2,-1,0,-48,11,-2,-1,0,-4,42,34,-6,3,0,2,-4,-7,21,-2,-1,1,-24,8,-9,1,0,1,4,-14,30,13,-10,-1,-11,-5,45,57,-24,7,-66,-3,161,159,-31,4,71,763,142,106,-44,24,-65,-1204,2217,-45,-26,14,-931,624,1754,-419,-212,-54,127,-2085,809,-5,115,20,-132,3724,-1963,-234,55,-43,496,-1483,-1892,18,68,-13,505,118,-1469,99,19,1,378,-912,-1037,41,-34,30,234,392,-1375,130,-42,24,-31,-258,-623,176,23,50,-182,810,-821,70,4,-37,-240,-903,898,118,82,-18,352,450,1336,-111,10,-10,-445,34,1376,-103,21,-1,-95,-149,594,-78,3,5,-6,-196,75,-15,16,1,-42,180,-99,5,-4,-10,95,-148,-50,7,0,0,50,255,-46,-4,-3,3,35,9,-86,5,8,6,-64,-50,11,8,-6,-6,27,56,-12,1,6,5,-65,-55,65,RIGHT
-1,5,3,-8,1,22,-2,-2,2,1,14,-31,7,-3,-6,14,-32,28,-6,-1,1,-20,42,4,-4,3,4,18,-43,-18,7,-4,-4,-32,34,1,12,0,4,20,35,12,104,-33,6,39,302,56,158,-15,10,-177,-176,950,71,-24,-1,-281,274,2085,-184,-68,46,-191,-409,1061,-289,-105,-48,64,-776,-395,-84,61,-12,-257,1968,-1222,-157,64,-22,518,-766,-1646,14,51,7,341,-565,-1455,48,-51,-35,303,-449,-1318,145,-9,63,142,81,-1283,192,-15,17,-6,502,-256,125,-7,12,-214,-537,-47,68,75,-16,132,593,1338,-43,32,-12,-432,-263,1132,-75,7,-22,187,-34,673,-78,23,16,-168,155,359,-23,14,-3,-133,-151,31,-6,-15,-23,177,121,-29,-5,13,20,-77,52,43,-1,-2,-1,88,71,-142,10,-1,-5,-19,-83,104,-11,-8,-3,19,103,-95,13,16,12,-9,-62,20,RIGHT
-1,0,0,41,-6,-9,4,-3,0,-44,-11,6,-2,-2,0,11,0,6,-4,0,0,11,8,-3,3,3,2,-23,9,-12,3,-1,-2,12,17,7,-3,-3,2,-8,-3,2,57,-37,3,-2,-27,61,210,-12,3,-115,693,521,88,-4,15,125,-427,1691,-128,-59,35,-561,443,1622,-301,-201,-34,-351,-1307,1535,27,137,9,93,2905,-2594,-331,-19,-20,139,-1935,-567,36,76,0,615,32,-2109,38,14,-21,341,-894,-1219,3,-41,12,226,-155,-1125,88,-41,57,-241,-235,-1713,197,-36,5,94,421,-576,276,3,-23,-146,-275,564,34,85,-54,314,342,1764,-77,109,32,-98,506,1578,-142,13,15,-103,-266,407,-77,6,-14,-546,79,242,-6,9,-23,61,-184,22,-2,-4,-7,146,249,-130,-2,-6,0,103,-80,119,3,12,8,-63,136,-74,0,-5,2,-38,-82,-6,4,1,-3,157,25,12,RIGHT
-2,-9,-8,24,10,14,2,5,1,5,21,-11,-3,0,4,-17,-44,20,0,-5,-1,6,39,-29,2,2,-3,31,-3,-2,0,1,3,-20,-28,17,-3,-2,-2,-23,-19,0,10,3,-1,32,68,-19,11,-2,4,-5,-14,81,55,-36,3,-45,17,41,212,-26,0,-37,836,773,30,-24,11,134,-822,1733,-99,-40,41,-293,355,1333,-236,-95,-18,-138,-377,506,-193,-31,-4,-521,168,-643,-149,70,-41,535,772,-2527,38,98,2,457,-968,-1425,61,9,-7,-69,-432,-826,4,-55,-4,422,-115,-1185,116,-20,62,-369,-126,-1411,200,-22,-22,224,568,-374,145,18,9,-89,-545,646,60,62,-31,84,607,1376,-76,48,9,-100,-164,1269,-111,22,7,-5,-22,494,-56,13,0,-364,221,196,-22,4,-19,68,-229,29,4,2,-8,-12,209,-11,-5,-2,4,79,-7,-18,1,-4,5,48,31,-54,RIGHT
5,2,0,40,38,-4,-5,0,1,-81,-44,35,0,1,1,56,25,-36,4,0,-2,-37,-11,13,-6,-4,-1,71,15,-11,2,5,2,-38,10,-6,1,-2,1,-5,-9,-16,28,-13,1,-42,16,87,165,-33,0,12,337,171,106,1,37,-207,540,1097,0,-64,-11,86,-1086,1910,-113,-77,39,-430,862,887,-241,-131,-42,-104,-1632,1084,-136,27,-1,-342,2308,-1644,-159,76,-20,400,-654,-2019,55,111,2,666,-569,-1764,36,-13,-28,94,-625,-735,16,-43,21,467,-81,-1550,118,-20,19,-96,297,-1129,146,-41,46,-80,-401,-892,226,59,-30,-145,740,850,29,46,-30,160,-613,1871,-81,95,42,40,314,1049,-118,-14,-38,-495,21,687,-44,33,4,-78,251,108,-43,-17,-26,115,-200,66,-8,18,18,-68,93,3,5,-5,-4,118,37,-166,11,0,2,-123,-2,10,-1,-4,-2,17,47,65,RIGHT
-2,-2,1,-18,-15,-4,0,-4,-2,29,12,-15,1,2,-2,29,17,-6,0,5,4,-26,5,9,3,-3,-6,8,51,-1,-2,0,3,16,-31,4,3,9,5,-60,-11,-5,-2,-9,-5,23,28,7,5,1,2,-7,13,7,61,-32,-1,-36,63,97,232,-24,32,94,893,428,88,-4,15,-540,-891,2319,-136,-95,10,-345,830,1391,-283,-197,-1,136,-1501,1187,-167,-18,-6,-272,1724,-1641,-197,91,-24,409,-414,-2186,86,133,-28,613,-808,-1864,67,35,-2,196,-299,-833,-15,-76,-14,540,-387,-1226,78,-45,58,162,-189,-1251,182,-35,30,-322,412,-1349,215,106,0,-203,633,925,90,52,-68,249,-741,1802,-97,73,30,-289,546,1190,-96,20,-24,-323,74,851,-93,11,5,-102,-225,210,-22,7,-12,-46,185,-41,-1,-5,-14,54,-38,-19,-10,7,12,89,26,7,5,0,2,14,89,-50,RIGHT
-1,1,2,-89,-30,35,-1,0,0,42,9,-8,3,3,1,-20,20,6,-7,-1,-1,-11,-36,-2,1,3,2,31,10,-27,4,-3,-5,-20,19,17,0,0,3,8,7,10,22,-22,4,-36,-11,60,200,-38,35,-123,432,225,140,11,16,-376,42,1611,-23,-95,-9,-251,-55,1952,-104,-100,19,-331,159,1332,-383,-154,-97,322,-1079,-572,-116,34,87,-285,1683,-1426,-96,159,-42,1064,-613,-2673,94,107,12,301,-925,-1172,45,-13,-37,-53,188,-854,12,-87,-12,352,-448,-907,88,-40,32,314,172,-1301,173,-12,65,-173,239,-968,222,69,-33,-50,-83,1233,10,108,-20,-42,218,1432,-104,50,35,-490,-32,1275,-97,-2,-35,-267,-21,496,-40,4,-16,-1,-143,293,-33,5,-28,146,150,-2,-12,19,25,-38,-5,43,0,0,6,85,151,-135,4,-7,-2,-94,-82,60,0,-2,-8,56,93,-55,RIGHT
0,1,1,-21,20,-35,-1,-5,-8,14,-3,-20,5,5,3,28,-22,27,-2,1,3,-5,44,-24,-1,3,2,-25,-16,25,1,-5,-6,-5,-6,-16,18,-5,3,-24,42,41,69,-32,9,-2,70,165,225,3,51,1,917,431,56,-54,-34,-840,-964,2693,-125,-90,39,213,674,1084,-334,-183,-15,-568,-1836,871,-137,38,-10,230,2863,-2261,-132,84,-32,569,-1429,-1927,109,140,-7,565,-177,-1491,39,-5,-33,31,-489,-454,0,-42,3,376,45,-1131,19,-50,32,293,-178,-1212,157,-26,60,-250,-229,-966,200,58,-16,55,518,280,104,52,-13,-249,-441,1767,-58,70,-15,-57,671,963,-121,12,-3,-208,-245,862,-36,23,-3,-145,30,207,-49,-3,-18,-72,0,100,5,12,2,68,102,102,-19,-2,6,86,50,-113,-8,-10,-2,-54,-88,30,15,9,-3,-31,92,-37,1,2,1,49,21,8,RIGHT
0,4,2,-15,-51,21,-2,-5,-2,-15,41,-31,3,4,0,0,-1,29,-3,-1,2,-35,1,-1,2,2,-2,67,20,-2,-6,-4,1,-42,-35,-4,7,2,-1,-1,49,-16,19,-7,1,-30,-48,91,108,-24,11,57,306,190,158,11,60,-115,-79,1048,66,-69,-28,-992,262,2000,-182,-122,28,118,-117,1356,-196,-77,-28,-273,-231,-298,-196,-34,-28,274,912,-1575,-83,113,-30,708,-334,-2140,57,92,0,501,-768,-1029,37,0,-16,217,-117,-915,-18,-37,28,231,-343,-1051,123,-38,35,168,-191,-1349,162,16,25,-218,297,8,157,43,-31,76,-5,694,28,72,17,-325,237,1070,-74,39,-8,-162,88,1106,-92,1,-13,-263,-209,693,-37,16,-18,-100,320,32,-28,-3,-21,88,-158,171,-4,11,21,-46,117,-25,-16,-13,-7,99,-104,-11,10,6,8,-51,158,-72,2,1,0,-10,-53,43,RIGHT
2,13,8,-20,10,12,-4,-10,-4,43,-18,-31,3,7,4,-22,3,8,5,-4,-6,28,51,-41,4,6,7,-15,-53,45,-4,-4,-1,-11,4,26,0,2,2,-22,51,-5,28,-18,7,-24,-45,107,118,-18,10,-96,429,196,166,-8,6,-191,124,1151,-25,-66,-16,-84,-45,1851,-171,-96,42,-507,-783,1610,-152,20,-21,311,1136,-1647,-185,-31,-7,-36,27,-686,-58,54,-12,406,-400,-1384,-19,58,-8,391,-440,-1595,61,13,-8,-35,-533,-784,48,-41,-12,452,-117,-984,67,-28,44,-49,-197,-1116,141,-47,1,225,-45,-896,158,81,16,-184,707,874,59,45,-24,13,-27,1218,-49,59,2,-183,46,1185,-96,22,2,-300,64,649,-55,5,-14,-218,-106,272,-22,5,-11,78,57,-3,-15,3,2,46,34,43,-9,-11,-11,41,-20,-90,9,7,8,-33,30,4,11,-2,2,-14,77,7,RIGHT
-4,3,4,96,19,-45,2,0,-4,-9,32,-11,2,-1,1,8,-3,-40,10,5,4,-7,-5,18,-5,-7,-7,21,-16,17,-4,2,7,-12,-1,3,21,-3,6,-79,35,49,109,-23,21,-37,187,137,116,2,42,-413,247,993,67,-48,-38,-378,-338,1486,-87,-69,17,21,462,1108,-249,-178,0,-10,-1105,957,-30,59,15,-312,2375,-1716,-211,33,-66,593,-1144,-1294,6,84,-3,342,-173,-1216,89,71,-6,399,-580,-803,-14,-28,-13,49,-323,-503,-24,-83,-18,467,0,-986,-6,-39,81,253,-650,-1358,203,-10,21,-67,105,-1299,270,86,-21,-68,918,1172,12,52,-17,21,-367,1461,-50,64,29,-237,355,950,-148,24,-13,-482,127,668,-60,2,0,-135,-355,258,-1,0,-37,-119,201,-29,-18,-5,-16,98,-89,99,-4,10,15,42,146,-68,-5,-14,-8,10,-86,-47,16,6,4,30,69,-57,RIGHT
1,1,3,48,-66,40,1,-5,-4,-18,99,-12,-3,5,8,-48,-42,23,-6,-4,-6,-3,-10,-42,9,6,3,-23,11,30,-1,-7,-4,47,21,-32,55,-21,3,-2,-37,94,213,5,25,224,690,386,213,0,40,-915,233,2432,-247,-200,7,-484,-380,1711,-340,-129,-81,555,-1453,-154,-91,26,51,-301,2095,-1107,-87,149,-13,713,-82,-2015,14,60,-47,302,-880,-1129,51,61,25,80,-96,-807,-2,-57,-34,148,-542,-841,56,-31,27,305,-193,-912,95,-26,6,141,13,-540,58,12,49,-228,-110,-526,124,14,-33,82,584,190,71,53,18,-169,-242,860,35,50,-25,-42,309,782,-83,41,17,-353,-210,1040,-67,-6,-26,-137,138,418,-41,12,6,-56,40,243,-21,-6,-17,10,74,-12,-17,-4,-2,130,-55,-10,2,1,5,27,75,-68,8,4,3,4,6,-53,7,-4,-3,-55,48,20,RIGHT
-4,0,-2,24,-27,14,3,0,1,-27,29,-14,0,3,3,-24,-31,-13,-1,-1,-1,-37,-110,-2,-40,14,2,-241,-623,-232,-9,-26,-29,-53,-2990,-62,275,-5,353,-2134,-4740,569,123,-72,-173,-124,4160,424,-121,42,111,2615,600,-437,37,17,36,-61,3443,-377,-85,8,10,201,1046,65,43,-16,-70,940,4543,-982,48,-64,23,-38,2550,-1027,-189,-8,-128,-851,-1719,1511,-86,50,-86,561,-2954,333,-47,18,-55,69,-2351,322,8,9,19,-644,-1037,40,8,-26,-47,-350,536,-142,-10,6,27,294,-672,52,18,2,7,40,117,21,-7,7,9,-36,62,-17,0,-7,-13,71,75,-34,10,6,8,-69,-155,53,5,11,3,-7,11,-17,3,6,-4,-47,12,28,11,-6,-6,-93,40,-19,-7,-2,-2,27,142,-68,8,-6,-4,120,24,17,-1,12,13,-100,1,12,-3,-2,-2,-28,1,-8,IN
3,2,4,21,-17,12,-1,-1,-4,8,40,-8,-1,2,5,-34,20,-5,0,-2,-3,13,-27,-6,1,-1,-2,-14,4,14,-2,1,2,0,-31,-24,-1,-1,-2,59,-12,-4,-2,8,6,-126,-44,-36,-53,10,2,-295,-1277,-181,-48,-90,125,1886,-8714,355,514,13,185,-2682,5276,-2689,-175,-12,54,-973,-923,2134,136,57,-104,838,4730,234,-197,-10,47,1284,5,1049,11,11,-18,639,3413,-1435,-52,-97,-51,2179,2704,-426,202,37,165,-1766,3527,-9,-301,-109,-346,335,-4064,1495,39,157,6,278,-501,463,-134,54,-3,-781,-838,-267,-93,32,-33,-930,-2196,-191,14,-31,-53,33,-972,-490,50,-5,6,6,-897,-149,8,14,14,-158,494,88,-1,-18,-21,242,34,161,25,4,17,-70,299,13,-29,3,14,4,-37,-64,5,-11,-9,8,6,40,2,0,5,-130,-219,-37,8,9,-13,124,-23,-29,IN
1,6,1,68,-52,15,-10,-6,-1,-68,30,13,7,4,2,-25,20,-41,-4,-5,-1,109,-22,18,7,3,4,-112,44,-1,-4,-3,-9,83,-71,-6,3,-2,1,-24,81,2,-1,8,8,-2,-102,-10,-18,-4,5,-54,-359,-60,-46,4,-26,34,-2301,-99,100,-20,84,699,-4639,270,285,-19,234,-1657,258,-1602,-23,-50,-44,604,2884,318,134,38,36,-355,2119,1,-209,6,9,928,1305,1380,45,13,-43,-129,4611,-931,40,-72,6,1705,1614,387,12,43,21,-2244,2203,916,-146,-47,-227,1533,-1726,-95,-176,40,23,836,-1992,346,-95,111,-26,-1337,-2841,-265,35,-45,-74,-722,-436,-319,-20,-18,1,175,-1171,-318,46,7,-7,114,80,83,-12,6,33,18,195,-63,19,4,12,-76,83,-35,5,1,-14,-43,48,23,-2,-3,2,15,-23,68,19,-1,-12,13,180,-36,-13,6,4,-85,-126,42,IN
-2,-6,-5,13,72,-13,8,3,5,-67,20,-7,-5,0,-5,109,-75,16,5,1,5,-72,80,13,-2,3,4,-22,-14,-13,0,-3,-10,49,-69,20,-13,3,10,-92,-163,-39,-18,7,28,-141,-1158,-154,67,0,-30,-327,-1400,-194,30,-86,-58,1504,-3675,713,209,79,327,1224,-3123,769,26,-58,-8,-3498,7497,-3439,34,73,41,646,-745,1989,-67,-26,-35,641,2526,450,-35,-12,37,-71,1917,-461,50,-39,-75,937,2620,-228,36,-9,32,1025,126,933,-46,-23,-126,-1094,2249,-17,-189,29,-27,-23,-988,603,-153,73,-45,-236,-2777,-417,31,9,-70,-820,-1561,-256,-45,-17,3,-34,-1375,-362,67,-12,-43,239,-724,85,-5,4,34,93,499,61,2,-11,24,-124,-9,-68,-1,12,1,-43,-9,-69,16,-9,-16,55,-16,95,27,-6,-9,33,228,25,-17,3,10,-26,-15,-52,3,-4,-8,149,104,26,IN
-6,5,8,-42,-62,-10,0,-2,-4,-1,48,8,4,3,1,-29,-20,6,-4,-5,-4,60,-45,1,1,10,1,103,-38,18,8,0,3,-156,44,-27,-37,3,19,-77,-458,-75,17,3,-41,-234,-1824,-281,17,-71,-32,1798,-5595,862,379,48,436,-494,-577,-2613,-121,-38,-134,-2589,5455,780,94,60,39,830,1690,824,-87,-43,-3,216,989,1094,-105,-16,14,675,1459,-632,115,55,-56,390,2065,-264,52,-69,22,633,3671,-897,-61,28,-66,-879,-1291,1652,-170,-50,-140,597,-885,170,-124,86,7,-118,-2635,9,67,22,-86,-779,-642,-40,-79,-13,10,-2,-836,-475,41,-5,-17,170,-493,-23,-1,2,21,-24,-185,-45,-13,4,14,-51,-42,-143,24,3,-20,-5,144,68,0,-5,15,8,-147,-76,-3,6,-2,-11,78,-70,16,4,-13,-22,77,206,-4,-5,7,-73,9,-49,-9,2,1,89,19,30,IN
1,-6,-9,71,-24,29,6,0,-1,-19,78,8,-8,4,8,20,-62,-42,-2,-2,0,35,63,20,3,3,0,-62,-5,14,-1,1,1,26,-70,-4,-7,-4,-3,17,-84,-9,-50,17,21,-296,-1817,-234,100,-50,5,1260,-5936,585,219,6,192,-87,872,-1886,-28,-19,63,-1051,1714,413,155,44,11,-733,3742,-95,-107,-5,32,399,823,1501,-98,-42,-70,592,2655,-172,40,0,12,1039,1508,-231,58,13,24,-860,3626,-328,-72,-41,-163,157,-3140,1052,-33,18,-60,-39,962,342,-164,6,-56,54,-1900,-391,-25,61,-16,-485,-1286,-114,-37,-13,-12,42,-1287,-280,7,-8,3,15,-585,-172,31,-5,6,34,-134,-20,-19,12,15,-45,38,-114,27,9,-8,-53,243,99,-7,-19,7,-182,-43,32,-4,2,-3,249,-38,28,2,-3,-2,-36,-8,34,7,3,6,-74,27,-94,7,-1,-13,87,45,72,IN
2,3,3,-7,28,-4,1,4,4,-17,25,9,-6,-4,1,-21,-21,-31,6,-2,-1,-46,-61,-30,1,0,-10,79,24,65,0,3,3,10,16,23,-17,3,10,-63,-328,-49,-20,10,-20,-163,-1313,-191,-17,-51,2,1079,-5202,736,485,3,350,-209,-714,-2706,-276,-30,-27,-2067,4147,317,276,78,-24,-982,1987,2305,-204,-76,-17,2206,191,27,-94,22,-17,466,2087,-155,178,27,80,368,1046,-1351,26,-39,-94,858,3472,929,-82,-54,49,48,-433,587,-71,87,-158,-1555,1209,724,-148,-45,-83,786,-793,-553,-114,95,1,-316,-3984,-262,75,10,-77,-462,-284,-375,-39,-34,4,-127,-877,-130,17,20,4,78,-492,-64,-7,-13,3,65,268,212,4,-3,27,11,-100,-100,8,10,-2,-64,186,91,-15,-2,8,-58,-56,-43,17,-7,-13,-132,-48,13,-8,-4,-14,162,-46,30,12,-4,-3,10,101,-3,IN
7,-2,-2,-24,57,-26,0,4,6,2,-78,-1,1,-2,-5,14,41,26,-3,-1,0,9,29,-4,1,-2,-4,13,2,-1,1,2,6,2,21,-18,8,3,-1,-14,-11,4,-24,-1,7,26,-179,-25,-10,18,3,-307,-908,-218,98,-15,-69,-39,-1989,113,-104,-73,290,2113,-8594,43,440,13,13,-3490,9272,-2138,-202,-51,22,633,-3628,2267,171,79,14,-127,6316,-375,-165,26,19,912,-446,1079,-31,-43,-53,1399,3238,-1149,152,-28,24,950,2706,-92,-88,27,-24,-1246,-580,932,-92,6,-144,-934,62,558,-133,3,-85,444,-2301,-724,-21,34,-21,-176,-1832,-45,18,-11,-24,-386,-610,-312,0,-4,13,219,-515,-44,5,-4,-1,70,39,89,-15,3,23,-7,-84,-40,15,2,-1,-24,101,31,1,3,2,2,4,70,-13,5,1,-106,-54,-23,7,-9,-13,20,27,27,-2,2,4,37,-48,17,IN
4,0,-3,34,9,8,0,1,1,16,34,21,1,-2,4,-37,13,-17,2,-1,-6,37,-16,2,2,3,3,-27,8,7,2,0,1,-26,-37,14,-47,8,29,-53,-639,-55,66,-19,-73,-191,-3212,123,12,-5,333,1912,-9292,1042,346,-33,-29,-3053,12009,-4445,-162,-14,49,970,-5550,3870,31,24,-44,-581,6972,-798,-22,54,11,1142,360,748,-46,-14,26,376,1381,-656,91,-47,-67,597,4147,-448,-7,-21,-10,-505,1176,-120,-145,-8,-173,796,-1447,981,-171,74,31,-191,-2033,270,-38,34,-76,-1038,-2399,-483,10,-27,-41,-406,-1340,-77,32,-24,-16,222,-416,24,-7,5,49,186,35,15,-14,19,16,-129,-34,11,31,-7,-15,-94,-18,-71,2,1,0,3,163,-14,15,0,-6,56,174,105,-18,1,7,-46,-106,-15,6,-6,-12,52,97,-22,1,1,2,21,-16,-3,-4,3,9,21,42,38,IN
1,-1,0,-43,51,-24,0,2,2,22,-42,40,4,-3,-6,-3,65,-14,-3,3,7,0,-23,12,-4,0,-3,-24,-15,-27,3,2,-3,21,-21,5,-20,-2,8,-11,-322,-5,29,12,-43,-301,-1454,-124,40,-45,-51,557,-2966,715,-13,-3,350,1246,-6247,-561,334,-12,-42,-2082,8552,-2226,-141,30,63,119,-1990,2122,38,0,12,-715,3961,48,-55,23,16,513,505,392,-36,-24,-35,1513,1801,-268,117,-17,-17,1006,2746,-455,47,17,30,-1008,2564,70,-224,-50,-199,-197,-2308,1872,-76,55,-9,477,-537,-750,-101,69,-58,-1156,-2216,-719,39,-25,-71,-351,-1534,-39,3,-21,26,215,-1029,-144,30,5,-4,20,-153,24,11,-6,11,51,330,9,6,2,3,62,202,4,-17,3,16,94,25,35,16,-11,-2,-63,33,-27,-5,7,3,0,45,1,5,3,-3,8,62,19,-2,-3,1,-68,-76,-7,IN
0,3,4,12,2,15,1,-1,0,-26,28,-10,4,-3,-9,-4,-7,25,2,2,2,-3,-13,1,-8,1,5,52,-39,9,0,-3,-3,-39,49,-33,6,7,4,-7,-89,4,-15,4,5,-49,-404,-30,29,-4,-59,-252,-1601,-81,33,-26,-35,715,-2534,618,152,-28,507,864,-9764,-751,172,20,-169,-3228,13540,-1575,1,3,89,1602,-3827,1902,-256,21,-36,-443,4660,110,50,16,29,804,1743,-493,19,-61,-28,1262,666,-283,96,39,-45,-433,2448,406,-57,-69,-28,648,438,601,-19,64,-35,-1747,1226,340,-173,-24,-203,776,-2550,-95,-59,37,19,42,-2351,-84,36,17,-48,-388,-1027,-485,-8,-10,7,-148,-395,-55,-18,7,33,-26,-404,-96,-18,-6,-8,50,79,-9,35,2,5,-57,109,-13,-6,3,6,-47,70,-71,-1,2,-10,48,-54,58,25,-6,-13,-30,124,58,-24,0,12,55,-134,27,IN
-5,-2,-5,53,-40,9,8,2,6,-78,75,-8,-7,0,3,65,-81,17,0,-6,-9,-19,90,-35,3,8,8,-10,-33,-5,-2,-1,-5,28,-32,21,-2,2,4,-37,-64,-10,-13,11,11,-239,-1551,-249,142,-38,-92,-233,-1467,273,-34,-38,153,1730,-3174,412,144,19,158,-1006,-594,-1482,66,2,64,-629,2827,-89,19,63,41,-935,1755,1089,-227,-32,-51,952,1881,236,48,5,5,1157,1102,-76,32,-25,69,-111,994,-795,121,-12,-144,1297,3291,765,77,-48,137,2,3102,-287,-215,35,-223,-1820,-2291,2779,-185,12,-115,-182,-1552,-2126,6,49,-49,180,-2577,-200,-10,-2,-2,68,-1481,73,4,-12,37,-166,-104,-312,-6,6,6,-117,-135,-68,2,1,-7,73,22,29,8,4,5,-58,-118,-44,7,-3,-10,0,94,-29,11,-3,-3,54,14,67,0,4,5,-11,-55,32,2,-4,-8,103,70,53,IN
-5,0,4,21,-58,12,-1,0,-3,-14,16,-5,5,2,1,-34,69,-9,0,0,-2,20,-72,7,-2,-5,-2,20,-20,17,-1,3,4,-35,34,-16,-1,-3,-6,60,29,7,7,5,6,-31,50,-2,9,-2,-2,17,71,10,42,4,-5,-3,2885,-358,-69,19,20,14,4501,-94,-200,17,214,-431,1777,364,-123,-33,86,116,-2374,-617,35,-12,78,806,-4755,325,-3,28,33,-625,-2755,207,-18,15,-29,-127,-2994,260,-30,-22,-51,-654,-6006,1592,195,5,-120,1830,-2766,349,396,25,-116,-1628,6979,-1933,-230,-152,-215,-819,6368,-70,53,35,105,1907,-2406,85,-28,23,11,-494,1993,-296,-2,6,18,276,-579,132,6,1,-8,-143,462,-159,-9,7,4,69,-413,187,4,-8,-25,26,3,30,-1,9,15,-139,55,-30,-4,-7,-12,81,-78,35,-4,6,10,-107,36,-70,-3,-1,-2,42,-80,55,OUT
7,3,0,-59,44,-8,-1,2,1,55,-57,28,2,-1,-2,-13,19,-20,-4,1,4,-20,-29,9,-6,-2,-6,68,-81,23,5,1,4,-75,102,-27,5,1,4,40,45,4,17,-8,-20,254,559,-65,67,14,-19,211,5022,-1245,-64,13,104,304,4300,656,-351,71,270,-1148,-1199,274,15,-53,23,747,-3305,-548,7,13,110,668,-3204,-88,82,29,-2,-737,-2746,562,-59,7,-13,-363,-3111,1728,-67,-62,-71,-1125,-2545,-289,14,4,-101,907,-5438,1160,227,-1,-107,1950,1001,-1578,378,13,-239,-3123,11220,-1255,-330,-97,18,1560,-2088,687,129,54,39,-8,2017,-219,-65,-4,23,58,-611,106,-2,7,-3,5,391,-5,17,5,-13,-65,-334,270,-13,-1,-1,-29,282,-103,-22,1,-2,33,-233,58,12,4,0,-170,21,-117,-4,-2,-1,84,-87,-9,4,-2,0,-22,85,-11,-3,3,0,54,-39,47,OUT
1,1,4,-76,144,-59,1,1,-1,66,-122,58,-8,-2,0,-31,-13,-26,9,0,-3,-19,15,27,-5,0,1,-18,126,-52,9,1,1,52,-134,34,10,-2,-4,92,387,-63,78,9,-15,393,2918,-766,0,-4,59,349,6623,-83,-379,58,351,-1041,792,345,-49,-13,10,319,-3901,-612,8,-40,73,784,-4429,204,149,75,-7,-895,-1931,131,-34,-13,-17,376,-2396,1538,-119,7,17,-756,-3200,490,-61,-75,-108,267,-4904,575,169,-20,-132,2185,-1861,-359,450,261,-131,-2087,7910,-2192,-320,-285,-134,-1110,3871,975,151,42,44,1027,-783,-693,-62,-16,-5,48,1224,245,33,12,5,62,12,109,-29,4,11,-21,-171,25,5,1,-15,-29,-60,121,-17,-9,-3,24,-181,54,5,0,-2,25,145,-29,-4,2,6,-44,-3,-59,9,2,5,25,-51,40,-2,-6,-13,4,67,-11,1,5,8,-46,10,40,OUT
2,1,-3,-42,128,-52,2,1,4,-10,-80,35,-5,-1,0,38,-51,-10,4,0,-2,-3,35,10,-4,3,5,-50,28,-19,7,-4,-6,99,85,7,26,-7,-20,290,2537,-757,44,11,13,1027,4500,-598,-172,37,213,-665,2541,1104,-210,7,171,-128,-1015,74,-11,-18,66,88,-5260,-258,64,42,73,-364,-3694,-127,14,-27,-84,12,-498,582,-34,20,-4,-633,-560,3,-54,-2,-21,238,-3164,764,-54,-42,-33,-233,-5092,71,184,21,-147,1166,-1148,-347,335,-1,-134,-366,4521,-1231,-94,-35,-88,-1906,5987,708,-14,-5,-11,1175,-872,-366,16,4,0,236,1470,222,8,7,30,13,-292,-9,-30,-4,-8,85,4,31,8,1,-8,-177,99,94,-3,-1,3,62,-193,52,-8,0,-7,17,113,-40,0,-2,-3,30,-128,53,4,-3,1,-61,123,-73,5,4,0,56,-70,45,-11,-2,3,-6,-37,27,OUT
5,4,7,-49,128,-42,-4,0,-3,57,-113,43,0,-4,0,-29,38,-11,1,4,-1,-15,64,-23,0,-3,0,29,-34,38,0,1,3,-6,24,9,-2,-2,-4,7,73,-40,10,5,3,40,47,31,35,-8,-39,501,2739,-673,-9,22,25,432,5307,-163,-175,30,207,-757,1902,626,-186,9,175,164,-1319,-865,32,-33,29,549,-5226,291,71,39,91,-536,-3782,354,-16,22,11,-356,222,466,-24,-40,-75,416,-1919,334,-110,38,23,-907,-2530,213,-18,-64,-89,1063,-4711,207,122,-27,-145,481,-1466,71,239,55,8,-480,1102,-593,155,-17,-239,-2125,10895,-938,-138,-48,-17,1721,-2716,568,65,27,38,-250,1923,-112,-39,3,16,115,-432,51,-7,-7,-9,-44,85,-33,8,4,1,-102,-272,194,-12,-4,-18,128,20,-41,16,4,6,-145,141,-32,-15,-8,-9,146,-215,59,3,3,9,-59,137,-24,OUT
0,1,-3,77,-31,34,-1,0,0,-15,36,-13,-3,5,9,-13,-84,19,-2,-8,-14,31,1,-4,4,6,10,-112,152,-60,1,-1,-3,121,-146,48,-4,-1,1,-43,168,-44,16,-5,-49,366,1565,-538,73,10,4,677,5564,-1037,-138,18,164,-94,2312,1336,-252,45,258,-1109,661,-246,-10,-39,19,741,-4037,-489,62,41,152,312,-6750,-169,53,3,-38,-731,752,1527,-51,-27,-63,-287,-1164,10,-72,35,17,146,-2787,321,-10,-79,-53,-100,-5615,762,1,23,-144,405,-1743,-115,280,84,-148,796,1266,-529,207,-59,-136,-1998,10031,-1431,-202,-69,7,967,-1489,526,85,33,10,-158,1980,-142,-41,-4,6,180,-879,201,6,2,1,-116,649,-167,2,2,-2,8,-549,185,-4,-6,-8,-60,180,-46,8,2,0,58,-76,47,-9,-2,-1,7,-51,42,1,-2,-2,-3,61,-18,-6,4,4,18,-92,39,OUT
4,3,5,-63,183,-65,5,0,-1,37,-104,26,-5,-2,-3,28,-54,39,-6,1,9,-74,124,-52,8,-1,-7,60,-94,-12,4,3,-1,-17,36,33,-4,-21,-74,708,1129,-468,88,26,15,815,5782,-1022,-128,67,224,-792,3417,1803,-326,2,217,-903,645,-664,17,-48,-6,904,-7597,-334,95,38,126,-455,-2880,41,35,-2,-47,-296,-363,425,-33,-2,-40,119,-1062,435,-70,21,29,-318,-1871,221,-1,-60,16,-417,-7499,1733,43,-19,-284,335,353,-306,254,-14,-94,1074,1162,-664,143,35,-75,-1231,6884,-1033,-58,-54,-52,608,1441,-208,-19,7,54,-175,680,-75,-38,5,-2,176,75,28,11,9,15,-143,-28,-104,0,2,-5,31,-204,51,-11,-4,-11,-98,-103,145,13,2,6,32,67,-25,-12,-5,2,-62,-61,-9,5,-1,-13,105,-126,80,-2,-2,8,-82,240,-40,0,5,-1,64,-94,-5,OUT
7,2,-6,-6,82,-65,-6,-2,-1,-37,-80,27,1,0,2,24,75,-19,3,1,-4,26,-68,35,0,0,7,-21,-23,17,-2,3,0,1,149,-76,14,-23,-79,709,1865,-775,93,40,48,1050,5884,-929,-199,43,189,-1217,3721,1143,-261,17,176,-661,-1237,-277,-3,-2,72,1081,-7693,-325,135,19,71,-573,-2878,603,-9,-17,-39,-382,49,688,-36,0,-20,-87,-638,-41,-67,70,56,-1254,-5171,1320,-4,-141,-146,646,-5160,690,253,49,-124,1375,-2068,3,273,36,-208,-1587,10789,-2369,-236,-121,-69,441,2417,557,64,30,60,474,57,-289,-67,0,3,95,210,-14,27,11,13,-83,-86,-50,14,-5,-19,26,7,-78,-4,3,2,35,-264,254,-6,10,19,-129,279,-114,3,-10,-14,-11,-260,62,-10,-2,-1,-52,69,-46,0,-1,-1,88,51,10,8,6,-1,-10,32,1,-11,-5,-1,92,-156,32,OUT
10,1,-1,-4,111,-43,0,2,1,4,-80,41,2,1,2,-11,70,-30,4,2,-3,78,-193,77,0,-1,2,-31,3,-12,33,10,-22,220,831,-57,59,2,-19,1018,5850,-1121,-116,46,256,-828,5185,1044,-316,-20,204,-1016,2375,-890,-49,-40,-9,1714,-12844,-715,279,109,115,-1114,-412,1362,-113,-38,-63,-69,-1388,352,-82,-13,-15,86,-2909,677,-39,34,12,-1132,-3681,122,43,-89,-186,1339,-5186,1165,188,70,-50,-563,2189,-1282,240,-47,-280,-1018,10019,-684,-127,-65,-25,1577,-1198,201,21,26,104,-299,1799,-336,-48,-2,-23,163,-398,27,26,6,8,-79,97,-72,5,5,0,-72,-108,55,-6,-8,-12,119,61,87,4,10,17,-201,-153,-57,-11,-14,-17,84,-22,30,10,5,7,8,158,-4,-12,-3,-5,107,-156,36,3,4,9,-126,75,-38,6,-1,-4,40,45,-20,2,-1,-3,-5,-103,60,OUT
0,-1,-1,-13,188,-35,1,3,6,-29,19,23,-5,-2,-3,-25,-98,58,-3,-5,-15,35,-98,-33,3,2,4,89,-102,49,10,10,13,-155,271,-130,-13,-8,-9,181,-343,110,14,5,0,-77,816,-255,21,-6,-27,822,3232,-985,7,25,91,308,6405,-49,-347,64,289,-1526,2305,434,-66,-27,-8,1102,-6142,-372,146,3,144,54,-5754,88,39,4,-26,-805,-496,856,9,37,-9,-165,-600,347,-77,-13,-36,193,-1525,280,-22,39,47,-883,-3542,1010,-60,-80,-116,1,-4776,752,189,-54,-163,792,-780,-391,258,18,-162,-954,5483,-1408,-56,-61,-85,286,6078,-47,-17,2,51,1096,-1151,-65,-56,8,19,-458,1246,-300,8,12,7,335,-621,0,25,4,-10,-249,219,-68,0,3,2,74,-155,56,-8,0,-1,-38,-22,69,-3,-4,4,-108,46,-15,-4,-7,-9,101,-63,-9,0,0,7,-49,79,-20,OUT
12,5,2,51,-8,50,-10,-2,1,-12,-48,24,5,3,1,-33,31,-15,-7,-2,-5,37,-45,7,6,0,0,-43,96,-48,1,1,3,43,-128,38,0,-2,-1,6,123,-36,4,-5,-21,267,415,-247,23,-10,-49,748,5252,-1565,-38,71,159,36,4564,408,-303,38,181,-1042,679,-97,-18,-20,69,1163,-6008,-137,124,28,113,-577,-4411,730,59,1,12,-382,-265,620,-66,10,-25,-364,-1064,628,-43,9,1,84,-1238,72,-56,-17,-15,-510,-6080,1413,4,-57,-138,403,-5054,730,285,45,-176,1447,1967,-1346,208,-13,-116,-2420,11798,-1974,-198,-82,-31,899,-2242,666,95,22,8,129,2257,-115,-60,-1,36,248,-579,174,1,7,4,-61,248,-74,6,4,1,8,-373,88,0,3,-3,-176,471,-102,6,-2,-10,229,-475,144,-12,3,9,-183,89,12,1,-9,-8,-6,14,-8,4,2,2,-18,-5,-13,OUT
-3,-5,-7,53,-36,32,3,1,-1,12,102,-7,-1,6,14,-68,47,-45,3,-1,-5,28,-131,17,-2,-5,-5,-27,49,-5,2,5,6,21,18,0,1,-4,-34,199,623,-262,86,1,-17,587,6067,-1563,-193,16,175,-136,5640,426,-277,60,190,-563,304,-854,97,5,100,1034,-9548,362,156,10,43,-714,-2399,1506,-114,-24,-18,-215,-1361,429,18,51,9,-377,-307,326,-56,-31,-20,294,-4833,1329,-58,-56,-35,-1260,-4763,807,113,38,-210,1635,-2624,-170,414,21,-216,-854,9524,-2289,-239,-147,1,-465,3158,-109,67,31,3,847,-334,213,-37,-14,-2,-51,1300,-322,13,21,35,195,-407,56,-19,-4,-10,-21,92,-26,20,7,7,-50,-92,52,-12,2,-5,16,-29,17,5,3,8,-93,-160,51,-4,-6,-10,-14,34,44,5,1,3,-28,100,-66,-2,0,-3,59,-101,53,1,2,1,-97,247,-80,OUT
2,1,0,-38,38,11,3,-1,-3,7,-46,4,-1,-3,-1,35,-74,51,1,5,6,-95,242,-102,-1,0,-5,105,-313,131,6,-1,-11,-14,732,-308,40,-16,-51,841,3998,-1322,-27,33,103,103,7366,-273,-409,92,314,-1597,3150,-1234,-23,-56,-1,2393,-10833,-486,482,78,147,-1477,-2902,2891,-260,3,0,-671,-2609,868,1,-17,-52,372,-1461,925,-122,7,-5,-981,-4661,885,-6,-42,-139,800,-4611,560,204,-30,-94,247,-376,-917,243,-1,-168,-1081,9959,-1655,-114,-98,-113,230,1727,-33,30,21,48,533,471,-4,-38,0,17,389,443,-103,-4,15,23,75,118,97,-9,12,8,-167,-349,-41,2,-7,-27,-34,97,2,21,-8,0,16,51,-7,-11,6,13,94,-97,60,-11,-1,-7,-106,0,11,9,7,4,-4,-16,-7,-3,-1,-9,8,-16,23,-1,-10,-4,22,4,-21,-1,12,19,3,3,4,OUT
