9,-15,18,50,-181,-36,25,-22,1,-5,191,109,12,-6,15,-91,-12,99,8,-1,0,-30,-25,151,-5,10,1,-77,5,139,-19,10,-14,-101,-11,73,-16,18,2,-4,-27,-24,-4,-9,-14,11,15,-70,13,7,14,96,147,-36,-13,-12,0,50,-180,-45,6,0,-1,-31,153,-36,8,3,-1,-2,-84,21,-9,-10,-3,50,-47,11,1,0,0,-62,99,28,7,4,2,34,-25,8,-5,2,3,12,-33,-12,-1,0,-2,-12,6,4,-1,2,1,23,-43,-5,0,2,5,-29,58,1,5,-2,-6,-11,-17,6,-4,1,4,11,-12,-6,1,0,-1,-24,17,-20,4,0,-2,-3,-33,3,2,-1,0,9,30,28,-6,-2,-3,33,-30,-4,0,1,7,10,6,-29,5,2,2,-60,24,15,-2,-2,-8,27,-8,-3,-5,-3,-1,-3,-7,-7,3,-2,0,38,1,-5,IDLE
-1,1,2,24,-13,-18,0,2,5,-21,-4,28,6,4,-3,-1,58,-5,-5,-2,0,7,-25,10,-6,0,8,4,-54,-11,6,1,-5,-36,60,-16,5,2,0,-26,-10,11,-3,-1,-1,33,-14,6,-5,-7,-2,5,-48,5,4,4,3,0,84,-23,6,3,-1,-37,-26,39,-6,-2,0,12,35,-11,0,0,0,26,-29,-14,3,0,-1,4,38,-3,3,-2,0,12,-36,22,-4,3,4,-4,-42,21,-2,-1,0,-61,2,10,-2,-5,-9,51,56,-20,4,6,6,8,21,0,-5,-4,2,15,-19,11,-1,1,3,-62,-17,2,1,0,-1,29,80,-45,1,8,3,-110,-114,44,-12,-11,-22,76,-31,-50,7,0,-2,11,112,-2,9,-1,12,83,-14,-12,2,0,4,8,-85,24,1,8,6,-34,27,42,-9,1,2,-57,-40,34,-4,-6,-5,6,55,-16,IDLE
-2,2,2,83,60,-33,0,0,6,-24,-20,-38,3,0,-3,-33,-8,-3,6,-7,-9,-14,32,5,0,1,2,22,-15,14,4,1,8,51,19,8,-11,-7,-8,-54,-18,-3,10,5,12,94,97,-34,-6,3,-1,-115,-84,2,-1,1,-10,-26,-96,-51,5,-7,-8,85,52,7,2,2,17,52,144,53,-9,-2,-3,-46,-35,19,7,2,2,-16,11,1,-4,-4,-11,31,-99,-3,0,6,9,-21,59,-6,5,-1,-5,3,-19,14,-10,0,1,59,-59,14,-2,-1,2,-57,47,-15,0,0,-1,3,-4,-10,2,0,2,14,20,-8,5,0,-3,-3,-2,-14,-3,0,0,38,-50,7,4,1,2,-35,77,1,0,4,2,6,-61,22,-4,-4,1,-22,38,-11,4,0,-1,21,-72,14,-5,0,2,-36,68,-10,4,4,-5,-3,-62,17,-5,-7,-8,32,41,-12,IDLE
4,4,4,-22,-9,7,-1,1,-3,28,7,-5,-5,0,0,-27,7,6,2,-4,-5,35,46,-9,3,-1,-2,18,-1,-27,4,7,10,20,-68,28,-7,-5,-2,-39,11,19,4,3,1,-5,49,-7,-5,4,2,-19,-61,-2,-2,-4,-4,-7,19,-20,3,-1,0,24,19,7,-3,-3,-2,-7,-17,-15,6,4,0,-11,39,1,-5,-5,-4,18,-85,19,5,5,9,24,0,28,9,3,-1,-24,-75,25,-19,-7,-5,-17,174,-50,11,0,0,-17,33,-8,-8,4,4,58,-150,3,1,-2,0,-45,118,-8,10,3,0,-1,1,-16,-4,-1,-5,19,-91,13,-6,-5,0,31,39,-6,7,4,5,-38,26,2,-4,-2,-1,37,-57,11,-2,1,-1,-49,34,13,3,0,1,38,36,-6,-4,0,1,-15,-45,-13,3,0,-4,5,6,-12,3,0,2,-7,13,18,IDLE
2,-10,-15,44,-114,-4,-1,-2,9,69,143,-21,4,4,6,-38,12,10,1,-2,-1,5,-35,13,-5,-1,-1,-36,-28,3,3,-2,-8,30,24,-10,0,5,6,7,-26,2,0,-4,-4,4,53,3,-3,7,9,-19,-47,3,1,-7,-8,39,3,-22,4,6,5,-35,22,12,-3,-6,-3,32,-11,-15,0,-1,1,-8,-32,-5,3,2,3,-7,48,11,2,0,-4,-18,-15,6,-4,-1,-2,40,-29,19,-3,1,5,-50,52,-18,3,-1,-2,33,-41,11,-4,1,1,7,-1,-16,5,4,4,-42,18,12,-2,-5,-9,35,-14,8,-2,0,7,-3,-4,-7,4,0,-3,-18,52,4,0,5,5,-1,-22,-7,-1,-8,-12,13,-6,2,1,8,12,19,-23,-8,-4,-5,-10,-25,-40,15,1,-1,2,23,86,-4,2,4,8,-32,-25,12,-2,-3,-5,10,-33,-28,IDLE
-1,-4,-3,88,30,-10,4,6,13,-43,13,2,0,2,-1,-27,-17,16,-1,-2,-4,-3,-18,18,-4,-2,0,21,30,-17,-1,0,1,16,-54,-5,2,2,3,-31,44,10,1,1,-6,-45,11,-9,-3,-4,-4,88,-26,3,0,0,7,2,26,-32,8,2,1,-25,-14,27,-2,-2,-3,-14,-13,15,-6,1,0,2,-6,2,1,-1,1,17,25,-25,2,6,6,-32,15,-1,2,-6,-13,7,-17,8,-6,-1,4,49,-52,-1,3,1,2,-39,52,-18,7,3,4,19,-3,27,-7,1,1,-34,-15,-5,-2,-4,-5,48,-62,0,0,0,2,-33,27,-12,9,2,1,-18,103,12,-4,1,-4,-1,-71,9,-5,-3,0,46,7,-22,8,1,1,-21,30,-5,-1,3,5,17,-9,7,-5,-1,-1,-12,-44,21,0,-3,-4,2,46,-9,5,2,5,-21,22,-7,IDLE
0,1,2,43,12,4,-4,-3,-5,-49,-31,-22,8,0,-1,25,64,-5,3,2,2,8,-2,7,-6,-2,-2,8,-67,10,-4,1,3,-26,2,3,4,0,-4,7,19,16,-1,1,3,16,5,-9,-3,-1,3,-5,23,-15,7,-1,-5,-20,20,-4,-2,3,5,26,-55,-1,-2,4,4,-29,28,19,-2,-8,-16,-16,-4,-10,5,2,11,68,4,-16,-4,3,4,-49,-59,1,-2,-3,-5,-5,26,8,3,0,-1,13,50,13,-2,-3,-4,17,-11,-40,6,3,9,5,-39,25,-6,-1,-6,0,31,6,7,5,4,-11,14,13,-6,-7,-6,-10,-27,0,-1,4,6,12,-12,-11,-1,-2,-6,-2,23,0,5,2,4,-1,51,-15,0,-1,0,-22,-63,7,-5,-2,-4,22,-46,-2,2,0,2,-4,89,15,3,2,1,-29,-40,16,-3,0,3,41,-9,-5,IDLE
7,-1,-6,7,16,-3,-6,0,6,46,-79,0,0,0,-1,-42,35,-18,8,0,-2,2,32,22,-5,0,2,10,-48,3,-4,-1,-4,-14,8,-7,4,1,-1,16,44,-6,0,1,4,7,-31,8,-1,0,2,13,-5,-6,0,1,3,-28,-3,8,-1,-2,-6,-29,16,-14,8,0,-1,38,-4,27,-8,1,3,6,5,6,3,1,-2,28,-3,0,-4,-2,1,-53,6,-5,-1,2,-1,11,-11,-3,2,-4,-4,-2,5,-21,1,1,2,46,13,-25,3,2,6,-40,-67,32,3,-2,-4,-3,53,-1,3,3,7,-41,25,61,-12,-3,-3,69,-38,-13,-3,2,-3,-73,16,-28,6,1,-7,31,21,-31,-1,1,9,27,-40,35,-3,-2,-3,-10,18,-30,3,1,2,-41,1,-10,2,-2,-2,42,-31,-12,5,1,3,38,18,23,-7,0,3,-59,-25,14,IDLE
0,1,4,-38,0,12,6,0,-6,13,-7,-13,-2,-1,4,6,-27,16,-2,0,2,17,25,-8,5,1,-1,-25,-7,3,-2,-1,-3,14,-37,7,-5,1,5,25,46,-1,5,1,-1,-42,43,-3,-2,-2,-3,8,-34,-13,1,-1,0,10,-19,-8,2,2,-2,8,29,11,-6,0,6,-11,-7,-6,1,0,-1,-4,10,-8,4,-1,-4,0,-4,6,0,0,0,18,-7,1,2,1,4,-19,4,-2,0,2,2,-7,-35,22,-6,-4,-10,12,-9,26,-2,1,7,1,39,-25,0,1,3,-7,-11,-26,9,0,-9,-12,4,15,-5,2,5,22,0,20,0,-2,2,30,13,-42,3,-1,0,-33,-14,15,-3,1,-3,-22,-7,3,-2,-3,-3,42,-9,-3,3,4,11,-49,3,23,-2,0,-5,-24,40,4,-2,-2,-6,25,-44,-1,0,-2,-4,51,-26,-41,IDLE
6,4,2,-98,46,-14,3,-7,-16,8,-46,26,0,-3,-2,75,-6,2,2,4,12,-11,3,13,1,2,4,1,-33,6,-6,4,2,-61,36,9,-7,-4,-6,16,15,-16,-1,-2,-2,33,61,-42,3,3,5,-20,15,-50,11,-1,-2,21,-53,25,0,-1,-5,-60,9,15,3,-1,-5,48,21,11,-5,0,10,28,-71,39,-8,-4,-1,-19,7,0,4,5,2,-47,22,-18,5,4,-3,-16,-45,0,-10,-4,-4,20,-55,-2,7,-1,2,47,132,-10,-2,-2,0,9,-14,2,-2,-1,0,1,-18,-15,7,2,7,0,19,3,0,1,-4,-77,-28,18,-2,-3,-8,75,-9,-9,-4,3,11,-86,36,1,7,-3,-10,59,-40,3,-5,1,7,47,28,2,-1,2,1,-67,26,-21,12,1,1,33,-14,14,-6,-3,-6,0,-11,27,-6,-2,4,6,18,-19,IDLE
4,-1,-4,10,11,-8,4,-1,-6,-23,20,-20,3,2,3,9,-48,30,-9,-1,3,1,10,-11,3,-1,-5,-26,43,-47,7,0,3,26,-28,30,-5,-2,-3,17,7,3,5,3,3,0,29,14,-7,-2,1,-10,-59,12,3,0,-3,15,59,-7,1,2,6,-16,10,4,-1,-2,-6,4,-68,-3,-1,2,4,-11,56,8,2,-1,-1,1,-25,3,-6,-1,-4,24,-31,-22,9,2,1,-24,32,29,-5,-2,3,5,27,-11,-1,2,2,28,-51,-17,-1,-4,-4,-15,26,12,4,4,3,-19,32,-8,0,0,-3,15,-40,5,2,-2,1,-3,50,-24,1,1,-2,-4,-16,30,-6,1,2,-17,-65,-7,3,-3,-8,14,15,18,-4,2,9,26,24,0,2,1,1,-29,-9,0,-1,-1,2,27,38,-4,-3,1,-5,-44,-56,-12,4,-2,-3,10,51,-13,IDLE
-3,1,3,-11,57,4,5,-2,-1,20,-3,-5,0,2,4,-31,-25,-8,0,-2,-5,0,0,14,-5,2,3,-4,3,-5,2,0,-2,-2,4,-5,2,0,-1,38,18,-6,-3,-1,1,-11,-32,5,-1,0,-1,-9,32,-1,4,1,4,-18,7,-6,3,-2,-5,17,-22,7,-7,3,5,-27,18,14,7,-2,-1,26,24,-34,-6,-2,-3,15,-78,19,1,1,-2,-17,49,-5,5,2,6,-12,36,20,-2,-2,-6,22,-25,-7,-3,2,5,-3,-61,-6,-1,-1,-2,4,35,-5,2,1,4,-3,15,20,-2,-4,-7,-22,19,-14,2,3,1,13,-4,-4,5,-2,-3,56,-24,4,-5,4,11,-38,-16,21,-5,-1,-1,-37,24,-21,5,1,-4,4,-10,-11,0,-1,-5,28,8,13,-1,-2,2,-6,1,-4,-2,1,3,-2,-26,-9,5,-1,-4,9,-29,-13,IDLE
-2,-2,0,4,-13,5,-4,4,4,-14,-20,2,-1,1,-3,-34,23,-20,1,0,-5,38,22,16,-2,1,5,-8,1,-14,0,-3,-7,17,-18,-25,0,2,7,-1,1,17,1,-3,-5,-9,3,-22,2,3,4,10,10,18,-2,-3,-4,12,-4,-7,5,3,6,-12,21,9,-2,-1,-3,-26,-22,-7,2,2,2,4,-8,25,-3,-1,-3,-2,-29,-6,2,1,1,10,5,10,-8,-1,2,7,4,-3,2,-1,-3,1,15,-21,2,-2,-4,19,36,1,3,4,8,-7,5,5,-2,-2,-3,-24,-40,9,1,2,1,-18,-13,6,0,-2,-5,7,14,-9,1,1,2,44,16,1,-6,0,6,-39,-39,2,2,-4,-10,-2,7,-16,3,6,8,28,44,12,1,-2,-3,-4,-5,-5,-1,0,3,-2,-22,10,-8,-3,-3,-18,-21,-29,9,2,-4,23,9,7,IDLE
-3,0,5,-6,16,11,-3,2,0,-8,-31,-23,1,-2,-3,-1,-11,20,1,0,2,7,55,-18,8,1,0,-20,8,6,-17,3,-1,8,-50,12,0,-2,-4,-16,80,-75,-21,8,6,34,-85,-68,-135,6,17,-39,-262,-293,-28,-13,-60,-69,350,-822,28,-30,-15,204,144,-1077,103,-64,7,464,-23,-269,85,-23,6,-16,-90,-1,32,-12,32,293,-164,242,63,31,35,-189,273,450,37,45,31,-316,-61,822,13,21,2,-296,-10,942,-28,14,2,-316,-106,1011,-16,-34,-26,-302,-102,840,-43,-19,-23,135,-34,640,-61,-31,-33,-155,-242,606,-75,28,12,97,300,-208,-73,12,-14,-6,113,-577,-19,27,-5,206,122,-842,8,8,8,196,-28,-618,58,19,-1,52,123,-492,11,5,25,73,-186,-157,34,-7,-2,-9,65,-125,12,3,-4,-50,-124,-17,1,0,1,25,38,29,LEFT
7,-1,1,18,-72,30,-7,0,7,-16,35,-1,2,-3,-2,-15,13,-7,0,1,-3,2,31,6,9,1,-7,8,-34,11,-8,11,14,-40,2,4,-26,4,-4,-31,-39,-24,-189,30,6,-165,-347,32,-80,-82,-80,171,235,-2136,151,-38,50,455,358,-1170,138,-66,-7,45,-812,-87,128,-27,7,223,382,224,47,27,45,86,253,974,35,61,42,-238,96,1197,1,30,24,-383,73,1072,-10,8,1,-457,296,965,-22,-29,-44,-355,-534,1148,-77,-50,-46,-30,-321,1012,-96,-23,-39,104,113,67,-136,27,9,-2,290,-513,-31,63,-24,177,97,-1063,24,25,8,355,85,-888,65,39,43,116,174,-562,43,-6,-4,28,-155,-169,1,-7,15,-3,-164,-46,20,-9,-16,-27,75,-98,4,2,10,-31,-82,-21,12,-3,-6,26,-14,19,-3,8,9,-48,-27,11,2,-10,-15,11,-43,19,LEFT
-4,-3,-1,17,3,-25,4,7,-2,-20,-5,-22,-6,-4,4,37,-25,14,2,1,-3,-58,16,-28,5,0,-1,47,16,20,-1,-3,0,9,24,5,1,1,-1,-46,-58,2,2,-2,-1,49,17,-3,-3,7,7,-13,-23,21,-4,-3,0,0,38,-13,3,0,-3,-46,-12,8,1,-3,-6,35,49,-18,-1,-1,2,50,-56,6,-3,4,4,-79,-30,13,7,-3,-7,20,18,9,-4,1,8,10,4,16,-1,-1,-1,34,31,-31,2,1,-1,-50,-47,15,-11,5,0,-25,7,-26,2,-2,-6,60,19,-37,-20,11,6,-22,-55,-53,-90,24,-1,-82,-224,-71,-197,-21,-61,80,-552,-804,104,-120,-25,673,1006,-2129,180,-61,105,75,-419,-715,176,-8,-2,-126,-38,532,77,41,22,115,130,1148,50,59,36,-378,247,1215,5,33,16,-368,420,1447,-82,11,-6,-606,-479,1260,LEFT
15,-2,1,61,-51,23,-8,-2,8,-51,-93,-54,16,-5,-10,-1,33,5,-1,6,8,-23,-103,40,-7,-8,-9,50,-12,25,3,6,10,8,91,-17,4,3,0,-40,-63,50,-14,-4,-2,-2,-22,-13,-9,4,1,-51,-1,-45,-50,15,-14,38,-129,-54,-91,-7,20,165,-238,-488,2,17,-37,-426,266,-604,-94,-105,-48,1023,-624,-956,173,-79,21,-53,1030,-1425,137,-38,67,314,-417,-320,140,65,40,-288,105,1136,32,70,23,-403,-241,1281,33,30,8,-441,580,1454,-44,-5,7,-250,-224,1279,-31,-59,-27,-407,263,1240,-81,-49,-62,-71,-335,951,-129,-11,-24,388,104,133,-139,62,-32,-197,382,-789,-73,30,-10,576,-179,-1226,55,50,48,176,-33,-1080,96,40,37,-111,-25,-486,60,-22,-24,22,-154,-118,-6,-3,13,13,-25,21,23,-9,-19,-19,64,-6,-1,4,7,-5,-120,35,LEFT
0,3,-1,18,31,0,-7,1,5,-11,-2,0,2,2,2,-3,2,-16,3,3,-4,-12,-44,10,-8,-7,1,16,9,15,8,4,1,-24,46,-23,-1,-5,-6,28,-45,12,-10,6,10,-5,35,-16,-1,4,-3,-55,-24,-26,-85,29,-26,-68,-173,109,-258,-59,-23,526,-702,-885,105,-63,-10,-62,1075,-2452,185,-87,31,365,-708,-508,196,2,31,278,258,173,84,63,33,-205,156,1005,53,59,42,-236,189,1410,-30,25,20,-728,-74,1413,-33,-2,-9,-300,161,1066,-47,-66,-38,-585,-71,1186,-38,-49,-60,260,30,785,-149,0,-18,63,145,162,-130,54,-19,164,6,-670,-46,20,-20,220,61,-1323,68,63,56,258,84,-1076,69,16,3,-130,-167,-318,39,-10,-8,257,-180,-8,2,-5,14,42,157,-108,27,-8,0,-91,-40,-39,-1,-3,0,74,-117,41,-6,-3,1,-70,-132,54,LEFT
4,3,1,-16,73,-22,-3,1,0,-8,-82,-33,0,-3,-3,39,55,1,-1,-1,-3,2,-12,27,3,2,6,-51,24,-35,-2,8,-3,9,-66,24,-44,20,-12,-77,-24,53,-155,10,-8,217,-490,-150,-109,-99,-18,222,-355,-1862,179,-72,6,-60,1054,-1602,138,-45,36,382,-1051,-202,165,26,-16,78,751,590,24,49,58,334,-351,915,41,84,42,-737,626,1301,1,24,8,-385,90,1115,-43,-24,-2,-415,175,1234,5,-51,-41,-340,-178,1191,-90,-83,-83,318,43,1248,-135,22,15,156,38,-135,-143,40,-36,-161,-291,-948,-38,38,7,401,329,-1416,99,53,38,-65,76,-1043,37,22,14,12,-99,-273,46,-7,-14,74,-180,-20,10,-6,3,32,93,-59,10,-5,-6,88,-95,10,3,8,8,-136,-44,-15,-2,-7,0,76,-126,3,9,3,0,-59,81,5,-4,-6,1,59,-75,63,LEFT
7,1,-3,-66,62,40,-9,0,3,109,-35,-4,-9,-1,-2,-36,-28,-9,6,0,3,10,4,-60,2,3,4,-25,-30,12,-9,11,-7,-46,31,-1,-98,1,-50,2,-398,-7,-244,-55,-11,924,-446,-1033,103,-43,23,-368,1259,-2399,228,-89,38,227,-564,-1088,169,35,23,-295,-370,629,99,63,37,249,164,1506,-31,28,22,-649,-151,1532,-18,28,-2,-207,519,939,-32,2,5,-296,133,875,1,-54,-25,-197,216,785,37,-16,-36,-58,644,976,-110,-59,-47,380,-398,1286,-189,1,24,239,-735,14,-122,46,-15,-588,233,-1023,2,43,-39,391,582,-2005,77,47,35,288,-50,-911,93,36,29,-70,-364,-107,22,-23,-17,100,-180,-12,-2,2,4,-13,39,-21,10,-3,-1,0,20,-4,8,4,6,60,-136,-6,-1,-2,-1,-81,-70,70,3,0,3,31,72,0,-5,0,-2,-22,-34,39,LEFT
0,-2,-1,-11,7,-24,-2,-1,-1,-6,1,11,3,1,0,-18,13,-12,-11,0,-1,47,-61,-14,-21,22,0,-105,12,-19,-242,-27,-63,187,-767,-82,-84,-59,-3,542,168,-2190,159,-95,1,-246,758,-1896,250,-121,50,766,-716,-521,203,101,64,-207,391,1109,7,89,44,-214,-127,1743,17,78,40,-648,822,1250,-57,-8,-9,-502,-607,1342,-25,-36,-39,-705,402,1187,-22,-69,-76,118,-308,694,-62,-47,-56,249,743,833,-148,25,7,472,-257,182,-112,64,1,-113,-139,-829,-51,33,-6,217,-7,-1321,45,35,23,187,72,-845,84,34,31,-106,33,-502,37,-19,-12,85,-315,-121,22,12,7,-14,139,-75,6,-13,-11,26,-133,9,10,-1,5,20,-5,72,-15,-1,14,-116,-168,-59,19,-4,-18,-3,108,-21,3,2,6,116,-67,93,-13,1,-1,-41,33,26,-2,-4,1,12,-37,-19,LEFT
3,-2,1,-49,-14,-12,-3,-1,0,-4,-9,-4,5,0,-1,-10,49,-5,2,-1,-3,4,5,5,1,-1,-4,52,-27,1,-10,7,9,-9,-22,9,-98,51,-39,-123,-97,67,-314,-95,-13,966,-1719,-476,71,-19,15,-649,1677,-2425,191,-280,-31,731,-186,-2358,449,60,96,440,1139,662,21,183,84,-993,-2040,2115,-9,36,-31,-455,1758,1398,-35,8,6,-156,-501,1455,-27,-17,-19,-388,461,1271,-35,-61,-41,-140,79,1121,-147,-9,-29,457,-84,766,-183,55,2,-383,-587,-87,-64,0,-99,200,-158,-1150,24,60,50,454,739,-1417,57,36,25,-125,-170,-595,76,-4,14,393,222,-289,4,7,21,-178,-275,-97,13,-8,-11,16,-35,-84,24,7,4,-242,-105,-27,3,-14,-16,166,-101,134,-1,-1,10,-35,77,-35,-5,2,5,7,-46,21,9,-2,-11,-30,18,63,-15,2,5,66,-45,15,LEFT
14,1,-5,-79,101,-72,4,0,0,79,-55,48,0,5,6,-11,93,18,-1,-9,-3,15,-59,17,-9,5,5,-46,-8,-4,-1,8,-9,-46,-6,-37,-74,38,-27,-66,-219,48,-248,-59,-34,596,-843,-670,102,-69,11,128,1355,-2539,181,-57,53,-366,-117,-569,162,-4,12,331,-911,717,53,33,26,-72,278,739,16,47,13,-57,149,1121,29,56,45,-406,387,878,-3,-13,-6,-445,336,1080,-1,-56,-30,-196,78,1055,-57,-55,-49,-54,123,1247,-165,2,-4,303,-602,372,-148,28,-46,-219,-31,-581,-32,36,-27,447,533,-1508,71,73,60,-100,116,-873,61,-1,-1,211,-402,-276,18,8,10,-15,2,-168,31,-17,-15,61,89,-90,0,5,15,25,-211,-16,19,-16,-19,-5,88,53,-20,16,28,39,-303,20,5,-8,-19,-59,171,-44,11,13,14,0,-61,28,-7,-8,-11,-18,30,4,LEFT
7,1,-4,0,91,-10,-3,0,3,36,-86,22,3,2,3,-38,98,-41,2,-2,-2,30,-90,7,-4,-1,1,-9,26,4,3,1,-1,-7,8,-4,-26,10,6,-25,-90,-1,-125,40,-19,-79,-496,84,-253,-138,-83,734,-1228,-1455,313,-31,43,-207,2856,-2792,87,-86,50,293,-1638,271,186,66,74,295,31,856,45,46,-13,-720,544,1353,35,49,14,-59,143,1211,-37,17,19,-522,163,1347,-12,-42,-25,-358,-44,1248,-75,-68,-52,-307,-139,1331,-130,5,-54,333,-386,134,-156,27,-20,81,579,-945,-50,35,8,428,42,-1309,77,69,52,53,129,-1003,71,14,-2,54,-61,-225,28,-2,1,154,-168,-62,13,-6,1,-37,44,-53,4,-2,-1,-12,-128,-42,6,2,2,-55,-83,-21,6,-5,-2,19,-35,6,-9,6,8,-19,-59,-32,11,-9,-23,-20,52,76,-3,12,16,5,-32,93,LEFT
3,1,1,-30,-74,36,-3,-5,-6,3,-4,-5,-6,1,4,21,-19,-4,3,4,-1,-27,-1,-2,2,-3,-3,11,6,-5,-12,2,6,-14,-33,-18,-13,13,-10,-51,6,-27,-136,14,-60,-55,-541,101,-203,-78,-34,1066,-703,-1312,217,-65,85,-97,1948,-2586,132,-53,47,-232,-979,-184,189,18,23,9,-302,679,48,54,1,-214,555,1386,44,69,38,-50,61,1235,5,16,5,-647,481,1336,-62,-51,-35,-488,-558,1429,-43,-66,-39,39,523,851,-108,-22,-10,44,-162,684,-120,27,-32,100,-277,-129,-114,48,2,-7,276,-1148,-14,7,-56,175,282,-1162,73,44,34,420,36,-996,65,21,38,-51,-217,-319,32,-7,4,91,-385,128,22,4,-1,-56,178,-27,-12,-7,-2,6,-152,23,4,2,-3,-41,-61,69,6,-6,-1,54,27,1,-12,3,7,16,-61,-12,16,-3,-3,-61,95,20,LEFT
1,-2,4,-72,-8,7,11,-1,-6,12,75,-26,9,0,-3,38,15,37,-12,0,3,20,-72,40,-8,1,-5,-3,2,-8,-67,6,-27,-48,-277,12,-176,-17,-56,549,-632,-315,-29,-58,35,245,610,-2193,132,-88,25,120,350,-1403,255,-33,70,406,-376,-439,124,82,30,-764,538,1120,23,67,3,-167,-802,1735,39,38,19,-524,857,1477,-70,-31,-20,-263,-171,1403,-25,-53,-2,-423,353,1167,-120,-50,-43,-23,-203,890,-170,21,-52,-98,-365,-7,-121,30,-83,130,336,-1598,48,63,36,677,393,-1274,95,43,59,220,-262,-411,22,-9,7,-30,-235,-92,17,-18,1,120,161,-228,35,-4,2,-49,-26,-109,21,15,6,-39,-27,28,-16,-6,-9,-21,-167,119,-2,9,8,-15,-37,49,-16,-12,-2,4,-52,102,-3,-2,-2,16,40,10,5,5,7,-17,67,-57,3,2,-3,-68,-119,7,LEFT
-3,5,7,-89,-24,-8,8,-10,-15,20,-15,17,-5,6,14,58,71,31,0,-4,-4,-13,13,-14,0,7,6,-53,-59,-22,2,-6,-10,-47,-13,3,6,-4,-6,157,76,-8,-8,5,13,-59,-5,17,5,2,-1,17,-26,-35,8,-2,2,-76,28,28,31,-41,15,61,-93,87,182,-9,-22,-222,211,585,77,14,44,360,-482,1457,-57,-14,39,-851,855,1315,-343,-206,-137,442,-2761,97,-66,55,11,-364,2897,-1120,-102,62,5,416,-900,-1209,42,95,42,220,566,-1357,12,-23,-36,-78,-435,-930,30,-19,6,157,374,-1027,127,-45,-6,472,-159,-1078,149,15,42,-128,488,-300,63,19,-6,104,-454,983,53,52,20,-338,137,990,-99,20,-2,19,-269,994,-44,14,-2,-366,63,543,-64,-1,-15,9,-364,220,2,1,0,57,298,-84,-26,13,5,-18,-101,40,-9,-13,-8,58,180,-32,RIGHT
-6,-4,-6,18,-24,0,4,-1,-1,2,-16,19,-2,1,2,23,3,14,-1,0,3,-17,-3,10,-2,-5,-4,-3,14,-29,4,7,5,-1,-6,4,13,-8,-5,21,50,30,115,-43,17,44,-257,179,184,39,5,-353,360,966,-38,-51,13,-190,101,1744,-112,-67,23,63,-509,851,-321,-166,-119,-103,-2051,-551,-20,79,40,-782,3175,-720,-29,92,-17,1064,-616,-1642,33,53,15,333,8,-1073,23,7,-1,107,-433,-658,1,-71,-20,386,-340,-804,86,-5,38,105,391,-957,91,-24,15,86,-54,-512,97,32,15,188,829,7,106,77,20,-255,-105,874,-16,45,-5,-473,-196,1142,-104,-3,-3,-77,-214,726,-52,3,-26,-443,-152,406,-45,-6,-8,245,-51,103,-8,10,6,-53,38,-81,-11,-8,-15,-48,-92,2,3,4,1,86,162,24,9,2,1,106,-9,-21,-16,-3,7,-6,-87,6,RIGHT
4,3,4,2,24,-31,-1,2,4,-9,-49,40,1,-5,-5,-1,40,-18,-2,2,4,23,5,7,1,2,-1,7,6,-6,3,0,3,-32,9,1,-3,4,-4,-33,-43,38,-3,-11,-9,52,18,-39,2,11,15,-17,-14,-8,32,-15,3,28,45,56,177,-24,-30,-166,-213,363,108,25,40,720,233,1582,-88,-32,109,-596,35,1037,-109,-96,-36,-1034,584,499,-297,-109,-118,602,-1881,-567,-81,-3,-19,-783,1248,-167,12,110,11,739,234,-1881,-2,28,-5,674,-468,-1335,15,-8,7,208,-394,-1123,94,-20,-16,757,-935,-1091,145,20,58,-38,1546,-287,86,10,27,9,366,-139,110,16,1,-305,-222,534,8,43,27,-125,110,909,-72,33,-25,-542,-137,987,-47,26,-12,-211,-146,365,-53,-8,-29,-85,157,219,-4,14,-1,-4,-212,7,-24,-9,-8,43,-27,41,7,4,6,156,141,-48,RIGHT
-6,-1,4,-34,-57,4,2,4,0,53,30,-10,2,-2,-3,-13,-16,5,-3,0,5,13,-32,9,1,3,3,7,59,-29,7,-1,1,-6,-8,-3,36,-24,10,-22,91,96,153,-13,29,-298,457,345,144,21,15,-388,204,1478,-142,-105,-7,-96,-978,1541,-107,-76,3,-514,-414,941,-101,-41,-27,101,414,-1030,-217,-72,-56,-36,452,-903,-47,95,-51,698,441,-2051,63,79,41,1012,-717,-1239,40,-54,-25,265,-629,-899,33,-26,54,633,-52,-854,128,38,57,-113,773,-825,143,41,10,-233,359,43,76,31,1,-208,78,528,-41,60,-10,-254,-532,1344,-10,41,-12,-338,-443,981,-108,-14,-15,-260,498,215,-19,-1,-17,-90,87,211,-38,5,1,-36,-180,140,13,6,-9,116,109,10,-27,-4,-1,23,-102,-14,14,8,6,68,178,-93,2,-3,-1,-39,-93,46,-4,-3,0,63,-41,9,RIGHT
-5,-7,-4,-61,-97,11,5,3,-2,79,120,-26,-1,-4,-1,32,-37,13,2,-1,1,-7,30,-18,0,0,4,-44,-47,4,1,3,-4,37,60,4,7,3,2,-8,-18,20,41,-21,11,30,-21,188,158,-8,7,35,-332,674,99,1,39,-388,755,1142,-111,-61,-7,-83,-289,1314,-92,-56,28,-509,-699,750,-61,-27,-78,-159,203,-1010,-258,-115,-47,-330,289,-518,3,99,26,573,1022,-1732,23,64,-20,1011,-1087,-1151,64,48,14,-55,126,-789,-24,-89,-46,679,-601,-621,88,-6,43,489,277,-911,113,64,88,-556,456,-627,76,23,-7,-36,329,411,57,45,-8,-618,-429,694,-28,4,-41,283,-28,913,-66,8,15,-193,-214,756,-19,15,11,-129,211,331,-34,0,-21,-221,-239,162,-36,-11,-10,36,47,129,17,16,-5,52,318,-13,-28,-8,-2,115,-274,-31,17,18,17,17,359,-117,RIGHT
-5,1,5,-32,-26,23,4,1,-2,-8,49,0,-8,-5,-4,8,-83,12,3,3,2,-10,87,-21,4,0,-3,-4,-70,-4,-7,-5,-4,61,-3,-19,12,7,12,-2,105,-23,75,-29,18,-82,186,145,175,9,19,-130,351,671,30,-26,12,-430,-893,1858,-90,-106,14,-407,401,869,-120,-63,-24,-190,363,368,-175,-46,-57,520,-441,-895,-174,-27,13,-272,116,-393,33,113,-23,513,16,-1937,56,53,-28,669,-319,-1331,14,-16,-3,386,-341,-597,32,-53,21,556,-483,-1022,92,-9,43,170,465,-692,149,38,47,57,728,-595,107,64,22,-631,694,492,28,44,-43,-273,-840,1152,-77,34,4,-267,-183,1155,-70,5,-16,-205,127,498,-57,2,1,-282,-112,474,-2,0,-32,62,0,-48,-47,0,-1,158,42,1,11,9,0,29,116,-64,1,9,13,-11,17,-84,5,-7,-14,23,-47,38,RIGHT
6,6,0,-51,21,20,0,-1,-2,-5,-3,49,-6,-3,3,50,-48,-3,-7,1,1,-36,29,-38,14,3,2,-4,17,-10,-4,-7,-7,-8,-39,13,0,3,3,15,14,29,4,-4,-9,89,-85,2,-3,3,11,-46,93,1,1,9,2,3,-17,-8,3,0,-7,-62,38,-3,32,-27,5,0,-18,84,175,-1,19,-67,770,196,83,21,44,-49,-412,1529,-69,-79,-8,-491,-655,1440,-125,-98,-16,-672,206,1099,-84,43,-39,542,-119,-1539,-215,-138,-5,-781,1061,103,-3,113,5,1092,171,-1946,-67,-10,-42,514,-1223,-1269,62,6,-5,736,-591,-1176,47,-46,4,314,225,-938,139,37,58,295,261,-998,139,48,46,-169,669,-312,81,65,4,-610,135,669,12,31,-29,-349,-301,1182,-40,29,-20,-250,-146,1087,-106,3,-5,16,-187,544,-40,3,-2,-223,149,273,-17,-1,-18,84,-130,16,RIGHT
-5,-7,-9,-13,-41,4,-3,0,-1,-7,-26,15,-1,-3,-1,65,58,-8,4,8,9,-68,-3,-21,1,1,-1,32,2,-10,-5,-8,-7,-6,-40,26,15,4,6,35,96,-12,83,-20,21,-16,172,161,190,13,36,49,-37,698,42,-45,1,-856,-273,2032,-125,-99,-15,168,-209,907,-297,-177,-31,-944,-730,632,88,101,24,158,2343,-1287,-231,-11,-52,764,-553,-1435,-50,47,-24,383,-464,-1320,82,57,14,640,-608,-1450,0,-76,-36,354,-348,-857,103,-1,49,480,341,-1116,172,63,53,106,249,-558,117,53,20,-505,255,613,18,49,4,-441,-69,725,-32,25,-31,-226,-25,974,-82,12,-3,-228,-422,684,-10,0,-29,-92,219,400,-59,-11,-2,71,-82,119,-5,2,-7,28,91,81,-7,-1,-3,95,62,14,2,16,15,33,40,-63,1,-2,-1,-121,-67,109,0,-3,-5,36,48,-45,RIGHT
0,1,1,-17,26,-45,5,3,1,-14,-33,8,-1,-2,-4,1,20,12,0,1,0,2,-17,19,-4,-5,3,-1,-13,-26,6,4,-2,8,36,0,13,-18,-1,29,4,92,144,-29,27,-17,153,191,201,48,30,-334,-822,1284,-65,-65,11,-501,459,1639,-138,-97,-10,197,142,418,-240,-131,-29,-623,-937,453,70,65,12,-573,2787,-820,-253,2,-56,889,-616,-1584,-61,65,4,744,-1180,-1769,133,40,-28,340,-433,-1248,-8,-70,-43,773,-702,-1020,106,-8,59,379,742,-842,135,8,44,20,308,-389,126,49,48,-452,217,312,53,50,-7,-350,297,732,-10,70,-20,-322,-113,1221,-81,7,4,-89,-274,681,-50,14,-46,-399,-154,721,-64,-2,0,355,-30,-20,-28,7,6,-205,72,57,4,-11,-20,155,6,-72,1,16,17,-30,119,-50,7,-4,-3,61,-62,-40,5,5,8,-117,11,63,RIGHT
-2,1,-1,67,112,-98,6,3,0,-3,-67,-19,3,-2,1,18,38,36,7,6,8,1,42,4,-8,-4,-1,-74,-93,32,5,2,-3,31,96,-5,1,-4,-3,18,-56,-9,73,-24,27,16,235,50,155,7,13,-285,-258,769,142,-15,0,-252,633,1796,-155,-113,26,-46,-1191,1391,-162,-135,-13,-865,-292,720,-39,6,-41,42,1636,-1616,-146,-14,52,-105,1254,-167,-69,81,-30,773,-1439,-1123,-61,55,-44,478,-683,-1838,45,-5,-39,479,-448,-1121,6,-118,-20,711,52,-1325,63,-44,61,699,-572,-1045,246,93,66,282,345,-437,68,98,46,-886,1313,299,77,62,-29,-662,-326,634,12,56,-18,-257,152,1210,-98,22,-30,-499,-351,1295,-112,-30,2,410,-313,350,-38,-10,-38,-325,224,281,-32,-2,-12,446,-441,-83,28,28,24,-203,625,-45,-2,1,4,73,-131,-22,0,-12,-11,-63,-24,1,RIGHT
9,8,9,22,81,-9,-17,-2,2,-117,101,-73,-10,-13,-12,65,-191,35,12,7,6,34,61,-2,2,2,3,23,-64,4,5,1,1,-30,43,-4,10,-3,5,4,0,60,122,-21,8,53,11,224,225,54,71,-46,-107,1064,-54,-126,-18,-970,-179,1969,-110,-88,-17,-81,-453,575,-213,-142,-49,-792,620,211,21,87,-1,554,1927,-1005,-366,-34,-33,969,-1735,-1199,123,122,-7,456,358,-2014,9,12,8,503,-1079,-1122,109,2,-3,449,3,-942,53,-11,35,172,171,-586,111,-4,34,-145,338,-379,75,6,16,35,220,-240,96,75,17,-630,389,604,41,43,-31,-402,-151,1029,-101,14,-10,-183,-258,1147,-48,10,-18,-60,-62,647,-48,18,-4,28,49,20,-60,-16,-14,30,-326,154,9,19,13,4,321,-147,-2,-18,-22,34,-207,51,6,9,20,75,212,-81,3,-5,-4,-22,-111,1,RIGHT
1,13,14,-3,125,-38,-4,-2,0,-87,-78,26,4,-10,-14,43,43,-9,-6,0,6,10,-23,-5,7,3,4,9,65,-15,13,-4,0,-1,-22,75,81,-19,22,-80,147,107,192,22,41,184,-176,810,49,-38,30,-1097,79,2047,-133,-130,-47,2,-534,802,-207,-134,-24,-662,-185,477,-3,48,-20,286,1880,-1076,-253,-43,-42,660,-949,-961,18,136,20,139,332,-1776,48,1,-43,1151,-1095,-1330,14,1,48,241,123,-858,31,-64,17,66,-358,-917,120,12,44,219,426,-907,175,39,28,-315,270,-265,82,42,-20,-291,146,796,25,81,-22,-214,-170,1209,-101,24,4,-163,-67,992,-91,-12,-27,-70,-366,509,-15,10,-2,-73,572,153,-42,1,-2,4,-314,168,-2,4,-4,-17,191,-49,-3,-6,-9,51,-36,-17,7,12,10,41,98,-14,-3,-3,-3,-51,-57,64,5,4,7,3,58,-23,RIGHT
-10,-1,7,89,-3,8,3,3,6,-23,96,-8,-6,-6,4,-22,-79,4,12,3,-9,-45,119,-37,-1,1,0,47,-88,47,0,-1,1,7,63,-4,109,-12,25,-54,378,24,170,10,30,209,407,824,35,-38,34,-561,-1371,2211,-77,-113,-20,-615,342,897,-281,-188,-53,-322,-874,165,-53,4,0,-948,2896,-312,-190,64,-74,1764,-1489,-2132,9,114,15,770,-23,-1985,85,30,9,509,-907,-894,81,-28,-3,492,-176,-820,54,-15,44,102,361,-840,103,27,54,-7,657,-466,177,56,10,-498,575,-190,15,64,-19,-332,-866,1368,-1,50,-14,-381,-69,1292,-138,-15,-17,-28,190,579,-62,7,0,-123,-140,324,-34,-3,-17,-95,-54,-4,9,10,-7,-47,153,2,-17,-13,-7,145,-117,-25,3,4,9,25,91,-21,6,2,2,7,40,-19,-4,1,2,-8,-120,33,-2,-3,-2,-80,124,-19,RIGHT
2,1,1,-18,-38,30,-2,0,-1,11,18,1,-2,-2,-3,18,-22,-16,2,8,10,-25,-13,8,-2,-4,6,-63,54,4,-2,-9,-13,-26,-17,-16,3,4,-13,-3,-8,0,-23,-1,-38,-84,-390,-163,136,-58,-199,869,-65,-117,7,20,0,2299,-386,570,-123,35,190,576,-125,202,-36,32,160,-231,264,-189,44,54,149,-1331,495,56,-27,5,48,-1072,386,-270,46,36,24,-1156,62,-48,21,5,9,-690,315,27,-52,-11,13,-1252,-50,135,-80,-82,-96,-1107,-418,-16,17,-61,-189,-850,-752,-649,79,-97,-308,1141,631,-328,76,22,0,1858,680,132,-16,48,73,1044,232,359,-17,21,101,40,-512,213,-32,-9,49,96,-640,48,-3,10,35,-33,315,100,-18,-3,-2,66,-62,-4,8,8,6,36,150,33,-5,5,6,-96,-52,-30,-1,-3,-10,13,6,9,3,0,0,-33,18,-27,UP
-1,12,19,-5,204,-3,-2,-4,-5,-59,-159,48,-2,-3,2,-1,107,-57,10,-2,-8,-2,-42,32,-11,-2,2,2,-37,19,10,6,5,-7,89,-24,-6,0,0,-36,-75,11,0,2,-2,-14,53,-14,-2,1,-10,-73,-76,-11,-10,-23,-147,-220,-447,-360,216,-106,-99,1818,-456,312,-144,-39,0,3587,48,1342,-169,82,391,-659,495,-325,75,165,215,-2325,397,-386,3,-11,-23,-1701,591,-257,50,58,-19,-418,-184,-320,8,46,7,-556,-318,72,-61,-25,24,-1150,519,112,-56,-74,-53,-1553,-1002,-166,66,-137,-271,-1329,-723,-739,33,-109,-263,1473,997,117,107,17,-8,1988,445,43,-45,60,73,1014,321,422,-18,33,114,294,-581,48,-30,22,71,169,60,202,-19,10,14,-142,-189,24,-4,8,9,51,168,-96,-1,-6,-9,-180,-118,7,12,6,-10,-23,170,-51,2,-1,-5,40,20,114,UP
3,0,-5,-48,-4,-27,3,-7,-9,-18,-44,-4,4,-3,3,123,72,-33,1,6,5,-24,-35,36,-2,-2,4,-23,-17,-2,3,4,-2,-18,38,-1,-8,0,-3,-104,-141,6,22,-44,-178,-100,-713,-238,197,-85,-81,1310,-29,549,-76,-108,0,3854,256,1352,-241,41,391,1456,987,-132,18,270,243,-3950,730,-851,1,5,-25,-1417,-534,-588,72,67,0,-1043,-834,-348,26,35,-39,-1037,105,-125,-14,-7,18,-1120,885,-13,-40,-45,-31,-1518,-491,351,-30,-153,-333,-1146,-3123,-25,216,-37,-203,2581,1669,-434,38,-18,-13,475,2180,-158,-96,-22,60,1392,-735,326,3,61,137,553,16,168,-45,15,56,-147,-113,41,-8,8,17,-9,-88,85,-7,4,-5,-97,78,-49,4,1,-6,19,55,14,8,0,-12,141,-126,98,-13,-2,13,-69,20,-2,6,2,-6,-25,-1,-6,-18,-11,-3,-3,-80,17,UP
1,-7,-13,8,11,13,4,4,11,-8,5,4,-9,-6,-5,44,0,-27,1,4,5,-73,-13,-6,11,4,-3,34,53,-7,-9,4,5,-41,64,-18,-4,-6,-37,-137,-55,-40,61,-61,-228,563,-214,-285,142,-106,-6,1979,-504,845,-148,-5,33,3345,397,807,-128,66,427,60,1107,-406,12,179,199,-2925,562,-363,-21,27,-18,-2125,-884,-490,57,61,-2,-1012,-705,-299,28,10,-12,-1407,298,-43,-42,-23,-18,-1462,224,299,-33,-94,-111,-1486,-754,116,4,-166,-367,32,-2201,-638,86,-20,-131,2656,2113,-224,97,38,0,651,642,423,-33,42,113,1187,626,221,-36,27,82,153,-438,68,-15,18,45,115,-114,187,-40,13,38,106,-22,17,-1,3,0,-205,-132,-76,5,3,-9,20,63,-58,-4,0,-5,-12,-44,23,7,1,-2,-81,-29,-13,-3,-8,-13,38,-78,44,-5,6,5,84,121,-26,UP
-2,-1,2,-10,26,22,0,4,3,20,11,-42,-1,-1,1,-14,-29,9,6,-1,-8,-5,42,10,-5,-3,7,85,-5,18,0,10,5,-184,-8,-53,18,-34,-184,-462,-359,-259,163,-187,-82,1909,-1001,781,-117,-47,0,4482,1188,900,-135,151,476,-467,1175,-450,35,208,175,-2775,-94,-527,16,17,1,-1788,185,-306,1,50,-15,-1309,-1111,-228,30,4,-51,-983,-363,31,-42,-23,-7,-1085,603,-82,-51,-78,-92,-822,-961,124,72,-102,-190,-889,-934,-489,67,-122,-288,1346,1333,-243,43,0,-9,1982,299,-35,29,83,73,869,883,634,-53,40,112,251,-674,191,-44,14,60,98,-171,163,-19,16,19,-63,4,10,-15,12,26,37,10,-70,-7,-7,-9,-127,-22,-75,19,7,-6,-57,167,-72,-2,-8,-15,-25,-17,35,5,5,-3,63,-31,31,-4,0,-1,-74,-92,-5,-8,-4,-3,108,-24,1,UP
-1,6,4,27,37,27,-1,-3,0,-12,-76,7,2,-1,-3,-12,-1,-27,-3,0,1,66,37,10,-6,3,11,-41,18,-4,7,1,-13,-134,-27,-59,-8,-11,-108,-545,-153,-257,140,-119,-148,1718,-683,153,10,-64,0,3714,-110,1360,-229,35,425,1463,1654,-42,-22,204,174,-3081,92,-681,53,-6,-6,-1812,-523,-300,39,90,27,-1125,113,-558,26,30,-10,-1384,-196,14,5,-15,-30,-1289,-37,433,-75,-41,-37,-1222,-377,-61,20,-174,-329,-610,-1131,39,103,-18,-200,1421,1217,-567,-14,5,-14,1938,711,235,13,49,88,650,-409,227,-17,6,75,454,267,126,-46,21,86,-143,-298,-20,4,7,6,40,-59,26,3,8,7,-90,-38,13,-10,-4,-1,14,-15,-25,-2,-6,-5,-30,8,15,5,-2,-1,99,43,-16,-8,1,13,-90,-57,-7,4,-1,-11,-6,18,-40,4,1,4,-14,15,22,UP
-5,-4,0,38,-57,20,1,4,6,-54,66,9,-7,-3,-9,24,-47,-19,1,1,-13,-53,-75,-42,1,-1,3,120,-62,12,-2,1,-69,-310,-264,-195,115,-136,-178,2711,-245,368,3,34,0,2772,-35,836,-131,-6,300,305,751,591,-54,117,253,-1852,567,-821,2,65,82,-1914,357,-578,11,64,11,-1692,-698,-485,67,33,-27,-1119,-806,-101,15,10,0,-1353,766,-128,3,-46,-57,-1003,-504,753,-67,-104,-184,-825,-1050,16,66,-75,-310,1439,539,-469,18,24,-37,1031,498,-113,56,32,31,154,1035,139,-62,-40,18,940,-818,12,17,27,80,555,113,250,-49,10,78,202,41,-21,-11,6,30,19,-182,-90,16,1,-5,-59,82,1,2,3,6,-60,-57,-42,8,-2,-11,25,66,26,-2,-2,-1,-30,-51,58,-2,-2,-3,28,33,-8,-2,1,0,16,-28,26,-8,0,9,-21,4,-25,UP
2,-4,-6,44,35,-16,-7,7,13,-69,-37,-28,5,-6,-8,55,18,8,2,1,1,-61,-11,5,0,-3,-1,5,-8,8,0,5,1,-57,-29,-42,-18,-11,-74,-360,-244,-229,132,-141,-185,2713,-477,-50,68,5,0,3449,-160,1134,-245,76,381,-398,836,270,-41,40,99,-1391,464,-593,77,108,157,-1813,476,-312,-2,34,35,-1766,150,-233,38,41,33,-1981,-188,-592,33,-22,-33,-1942,-88,737,-75,-105,-94,-1696,-435,553,-38,-198,-459,299,-2378,-782,161,59,-119,2980,1387,-566,-3,60,11,800,1800,408,-37,4,94,1067,-919,284,-5,33,109,305,2,121,-34,7,36,-172,21,29,-19,8,14,45,-153,-35,9,2,-4,-38,50,-22,-8,3,9,-36,-87,-43,7,-5,-12,-9,45,3,2,0,-1,18,-52,1,-3,-3,2,-1,10,-21,-3,-4,-3,37,-23,11,5,6,6,20,84,-10,UP
6,1,1,21,1,7,1,0,-2,-10,9,-9,-4,-2,0,57,17,2,-3,3,5,-25,18,-7,4,2,1,1,-15,1,-3,-2,-3,-54,-27,-11,3,1,-15,-85,-21,-35,22,-40,-177,-182,-616,-295,164,-107,-70,2361,-829,856,-76,-30,0,2589,167,1127,-159,19,360,1145,1551,99,-51,170,258,-1857,779,-1253,53,80,42,-2162,-412,-224,72,82,12,-1394,-34,-343,9,47,-33,-1764,-155,19,-18,-38,-32,-1541,366,387,-106,-82,-66,-998,-828,102,17,-134,-147,-1198,-210,-592,20,-156,-349,1710,-546,-393,150,44,-45,1651,241,94,55,63,0,1234,1042,335,-105,37,163,770,-109,-21,-24,25,74,58,-482,224,1,22,42,-262,89,-38,-20,6,9,15,-22,15,0,-6,-13,-93,-12,61,-1,-8,-10,-20,71,-65,5,7,-9,103,71,-11,-3,-8,2,-43,-48,36,-4,0,-1,51,4,-36,UP
-8,-6,-5,42,9,26,5,2,-1,-8,36,-31,-4,3,11,6,-17,9,1,-3,-7,-27,7,-7,3,2,-1,4,8,1,-5,-3,-2,5,-13,-5,-4,-1,-10,-163,-51,-81,68,-74,-251,-31,-551,-184,187,-137,0,2515,-604,1252,-176,-85,55,4133,1363,1145,-174,109,444,-447,940,-463,13,251,150,-2480,45,-1170,-21,90,42,-2401,-387,-692,79,52,-78,-1667,-891,-312,66,15,-16,-1330,563,-77,-26,-35,-2,-534,493,685,-84,-40,-9,-1127,-846,175,-5,-136,-203,-1556,-2240,-218,155,-168,-321,1582,580,-319,37,41,-57,1423,1729,-377,-31,2,35,1365,437,285,-32,57,133,734,-305,211,-2,37,55,-75,-2,92,-29,8,29,130,-239,75,-6,8,20,-80,-22,11,-12,-5,-6,45,18,-24,4,-4,-2,-73,0,3,-1,2,2,140,102,-46,10,-2,-3,-104,-104,30,0,1,-5,59,8,45,UP
5,-1,-3,-7,14,-42,5,1,3,-52,-23,30,1,0,-5,50,43,11,-8,-3,0,-4,-15,-11,0,1,-1,14,-23,-20,5,2,1,-35,24,2,-3,-2,-14,-205,-28,-31,-6,-42,-99,-147,-530,-257,180,-176,-155,1063,-343,688,-43,-27,0,4871,395,1104,-194,73,433,898,1072,-66,-13,199,155,-2423,213,-907,46,81,53,-2181,176,-261,10,73,-3,-1482,-745,-314,46,54,-16,-1115,-18,-62,-31,-20,-6,-1740,61,294,-51,-96,-52,-1196,-424,235,-1,-113,-96,-1788,165,-219,23,-166,-398,1261,-1745,-414,75,-8,-70,2351,1013,-77,61,89,17,1523,1564,-14,-79,43,146,572,-441,288,-9,32,71,156,-283,209,-30,26,52,-195,-41,-119,-7,-7,-17,-173,-59,-88,10,8,1,-1,65,7,-2,2,1,2,-11,-45,5,-9,-15,-12,-53,24,5,2,2,-29,-61,19,-2,1,7,3,26,31,UP
3,2,3,9,-17,25,2,-3,-5,5,21,8,-3,2,6,-16,-26,19,-1,-1,0,26,35,-32,2,1,-2,-43,-3,2,0,2,3,-23,-19,15,-11,-7,-13,-84,-105,-51,-7,-47,-177,284,-529,-316,190,-57,-76,2445,-658,677,-29,2,0,2180,963,973,-132,35,316,330,275,83,-72,71,233,-776,1529,-709,-2,108,133,-2423,-1011,-339,18,22,-29,-1577,140,-430,22,59,24,-1729,-230,-391,31,-11,-37,-1577,108,323,-29,-56,-53,-1430,0,677,-83,-180,-284,-1153,-2643,-564,200,-97,-303,2353,631,-399,6,53,0,1572,2690,-109,-42,22,68,1403,-875,438,3,56,118,174,-110,117,-48,2,43,137,65,35,-9,26,38,2,-118,-3,0,4,0,-122,-65,-16,-1,-1,3,103,28,3,-6,-7,-4,-87,-14,-21,6,-3,-9,74,12,4,2,3,8,-82,-12,21,-9,-3,-2,54,-48,-2,UP
-3,-1,0,12,-20,37,1,-2,-5,25,47,0,-1,3,7,21,-25,-3,-4,-4,-1,-25,-2,7,5,4,-2,-42,6,-22,-2,-3,-3,75,-12,30,-9,6,3,-102,-1,-72,11,-38,-150,-109,-688,-145,170,-137,-114,3355,-365,1070,-22,15,0,2339,1057,709,-223,43,375,-60,547,-478,-6,95,192,-1227,433,-774,60,144,123,-2309,-246,-457,9,43,-17,-1632,-344,-99,42,45,10,-1674,-221,-125,-9,-45,-36,-1821,212,479,-93,-73,-38,-1245,-296,7,14,-141,-283,-1275,-1560,-508,145,-103,-326,2391,396,2,53,83,0,1909,1462,7,-71,27,85,1207,240,229,-28,35,106,319,-552,159,-13,18,51,47,38,-11,-6,8,15,-117,-44,84,-14,8,15,86,-2,-92,2,-6,-11,-63,45,-6,0,-1,7,-39,-36,15,4,-4,-19,-26,18,-43,-1,6,7,6,-80,30,0,-1,-1,54,62,-38,UP
-2,-3,-1,4,-19,11,-1,0,-2,-10,27,-9,3,5,3,-8,-16,3,-3,-4,-2,33,-22,8,2,0,-2,-6,39,-12,5,1,0,22,-13,11,-1,1,6,29,-12,39,0,0,-2,-6,61,26,-13,3,2,19,-23,13,-3,1,-3,-58,-46,-69,11,0,-11,-22,3,-21,9,1,2,155,47,40,-6,2,37,-6,128,53,-3,-15,69,251,350,71,-43,46,251,-1076,11,-126,35,-103,36,-2790,285,353,-93,-195,-139,-1493,-2100,503,279,-165,-372,707,-191,-710,-7,0,-92,2152,1683,201,-170,15,111,1724,48,-290,66,73,27,1046,-60,-238,-29,-94,-111,934,-345,285,54,-37,3,2347,432,55,-69,74,195,1347,528,207,-39,160,239,47,170,-318,-44,198,112,-2024,200,-528,17,81,-39,-2310,-656,-28,-11,46,-109,-1267,-1119,37,83,10,-92,-557,100,273,-3,0,-102,-120,541,12,DOWN
-10,2,3,43,-30,-6,-1,-4,-5,-4,-21,-27,1,4,1,37,17,18,5,-1,4,12,74,14,-6,3,2,-34,-78,-43,1,-4,-2,48,16,15,4,-5,-6,-15,12,3,13,0,2,74,3,72,20,-9,60,136,385,163,-64,-23,294,-264,-90,-48,-7,-56,133,-4130,-561,7,-14,-265,-135,-2631,956,452,132,-232,-465,1047,-2836,-361,87,0,-142,3803,508,-443,-145,57,126,1817,2914,-167,36,76,52,1236,-1212,169,21,-26,-48,492,-593,549,45,-14,-6,1883,271,246,-82,42,126,843,822,197,-52,162,199,555,175,-376,-26,149,111,-1284,558,-408,-15,126,-21,-2077,-700,-234,8,36,-69,-1359,-536,-65,13,6,-100,-689,-650,-90,66,9,-81,-251,516,236,1,-20,-75,286,67,76,-40,-2,18,421,-15,25,-9,-9,16,-25,-47,60,14,0,13,11,6,-49,11,-2,4,37,94,-12,DOWN
-8,-10,-12,94,38,44,-5,7,23,-18,75,-96,14,-1,-10,-94,-12,-2,0,7,6,-26,-32,29,-3,-2,-6,32,-4,-45,3,-6,-6,42,64,55,4,-6,39,1,203,80,-13,-44,159,275,954,220,-168,12,415,-3223,-2359,-870,202,-312,-295,-4059,2561,-127,2,-239,-433,1918,-2799,-41,156,91,-141,3554,187,955,-128,-6,82,785,2096,87,-25,55,47,1715,-1090,-275,11,-23,-58,1056,-151,134,46,23,37,1793,668,114,-64,76,168,1027,201,194,-52,149,217,90,175,-297,-25,144,64,-2161,128,-296,26,73,-46,-1778,-382,-139,-31,46,-54,-1169,-741,-98,77,11,-118,-466,64,370,-32,-16,-84,41,113,-156,8,14,-21,316,76,144,-2,-11,11,96,75,-32,-10,-7,21,95,-117,17,10,-11,-4,9,98,-78,-1,9,12,-2,37,38,2,1,3,26,-44,-7,-1,-3,-9,-141,-62,59,DOWN
2,7,20,-90,38,4,-9,-6,-10,20,-35,41,-7,-7,-8,-79,-5,11,10,10,10,32,29,-89,1,-2,-5,35,-42,47,12,-2,17,-17,141,28,12,-28,89,286,687,91,-92,-29,329,-1592,295,-49,11,-100,-15,-3849,-1521,-163,-12,-255,-203,-1838,321,1503,251,-182,-391,3446,-1641,-1732,-1,14,-90,1286,2413,241,-179,0,40,2837,158,-277,83,142,85,891,-601,312,-22,-51,-56,1733,-703,254,0,37,102,1049,940,218,-70,80,169,716,-430,125,-32,134,157,-349,357,-212,-16,133,85,-1917,1240,-563,-12,113,-30,-2473,-818,-25,45,7,-124,-512,-1107,-227,35,28,-101,-395,-50,61,19,-14,-80,-166,420,306,-40,-12,7,613,278,95,-22,-1,13,63,-258,-155,22,2,-22,-33,-66,44,7,-7,3,206,31,18,-10,-7,16,-87,-59,-6,3,-7,6,79,179,112,-10,0,-3,-18,-266,-14,DOWN
-9,5,9,55,-91,6,-7,-3,-3,-6,2,-41,6,-2,-6,76,4,-15,-2,9,13,44,37,13,-6,-5,-2,-71,-74,-33,17,-3,1,47,44,26,8,0,47,68,284,26,20,4,174,-113,1094,205,-50,-26,184,-2309,-1048,396,32,-201,-81,-2265,-568,-19,-134,-231,-51,-1563,-2722,1445,266,-148,-275,604,-322,-3119,13,0,-261,2203,5223,850,-49,67,157,4766,-1265,-408,0,85,55,-222,-329,731,-52,-93,-108,1543,-1215,570,10,21,63,1338,1281,-70,-94,104,153,985,-423,136,-12,153,155,-239,308,-143,27,138,90,-1471,1363,-436,-39,119,-6,-2355,-745,-361,12,2,-103,-1026,-1109,-52,41,39,-103,-434,-246,-17,45,10,-90,-80,297,255,-39,1,-14,185,306,-35,-11,-15,-4,216,-224,44,15,2,24,76,134,-44,-25,-13,9,-75,-148,23,13,-6,-19,52,49,46,-6,6,13,-10,77,-45,DOWN
2,7,-7,-113,110,38,-3,-4,-1,115,-140,13,1,4,-6,-49,18,1,5,-5,-6,114,-29,38,-10,-5,21,121,77,73,9,2,19,-225,-10,-3,-20,-37,91,208,-348,131,-26,4,321,-2830,-226,-6,70,-142,-55,-2059,1548,135,-141,-281,-262,-818,-2048,762,140,-128,-189,887,-1901,-259,289,51,-202,2420,4483,-1303,-286,4,32,2868,-1405,281,100,145,116,552,146,-28,-80,-110,-88,1401,-802,219,69,30,67,1271,1067,143,-16,52,115,1318,371,143,-143,100,255,274,-318,175,-37,184,133,-2158,466,-526,13,127,-40,-3193,-416,-438,24,-8,-113,-1172,-723,21,37,11,-148,153,-302,-234,25,2,-106,92,-47,525,-9,14,-10,318,79,-7,3,-6,5,395,253,148,-31,-14,35,16,6,-13,5,-11,12,214,39,-115,18,10,13,-181,85,-8,5,2,20,-292,11,14,-1,-29,-43,55,-177,113,DOWN
8,12,20,-57,19,18,3,-1,0,47,13,23,-12,1,5,-163,-20,16,1,-1,-15,48,-8,-9,2,-8,-4,86,61,3,10,0,45,65,294,50,-18,-43,247,229,554,368,16,25,142,-3295,-1770,262,-9,-216,-60,-2834,1023,192,-111,-347,-344,896,-2668,-677,143,0,-240,1112,746,355,151,111,9,3046,2955,-834,-150,54,122,463,-660,363,61,26,-18,1493,-717,-175,-35,-116,-107,1038,-21,216,37,4,39,2006,978,138,-99,69,217,1212,199,-228,-40,129,174,-51,-244,-78,4,242,131,-2208,-222,-726,16,69,-27,-2583,-370,323,22,31,-109,-1300,-3,-130,18,7,-140,-251,-298,150,-3,24,-59,451,99,310,0,-18,-32,143,191,113,-38,5,25,-205,-277,37,18,-21,-12,290,69,-164,10,-5,14,-151,-38,54,2,-10,-13,325,137,-18,-14,-1,12,-2,7,10,5,1,-5,32,-55,3,DOWN
8,14,2,-72,211,-19,-10,-7,1,167,-66,8,-3,3,8,-102,28,41,2,-2,-6,40,-41,-32,-1,-4,2,2,-18,-2,10,2,1,15,72,22,9,-3,30,136,237,90,26,-29,198,31,560,227,-114,2,334,-3884,-3854,204,79,-301,-143,-3266,4448,-1833,-17,-262,-391,2168,-3262,679,164,0,-149,2228,1419,869,-31,11,-2,492,1541,155,-100,11,-20,2033,-752,-614,117,97,25,1566,301,-215,-71,-73,-27,1511,-983,456,30,21,56,1714,973,296,-5,122,127,159,4,277,-155,45,191,1393,276,151,-76,287,168,-2774,-834,-923,92,65,-66,-3055,1223,-569,-14,14,-108,-1464,-845,187,69,16,-112,111,-965,-1,23,8,-127,-103,282,346,-33,18,12,389,245,77,1,-26,-44,44,-354,86,-2,-3,20,449,369,22,-10,-6,23,35,-63,-15,13,14,21,25,98,-77,-1,-2,9,-108,28,89,DOWN
9,5,-7,2,-9,-16,4,-1,-3,-125,-52,46,-10,2,12,123,41,-60,9,-5,2,-46,25,44,5,-3,5,1,76,39,30,-13,45,-81,547,181,-23,-80,248,459,1183,585,-35,43,158,-3310,-1558,442,47,-219,-73,-2476,260,906,-160,-331,-295,329,-3488,-1486,128,0,-295,-2213,-672,841,172,0,-63,8418,5651,-1536,-177,58,84,-326,-1879,-271,73,97,55,1168,-943,424,-62,-97,24,1848,388,-160,-25,60,62,447,518,21,25,114,144,918,358,-401,-10,147,162,-823,1139,-194,-34,171,37,-2148,-310,-251,9,40,-56,-1715,-1434,431,2,25,-112,-801,-365,-110,21,26,-64,-278,340,601,12,-23,-108,105,-67,-79,-25,15,24,502,360,36,-22,-21,3,-166,-131,-64,16,7,10,89,-92,-40,4,-9,-6,15,-15,132,1,4,11,88,-67,-38,-1,3,6,-170,202,45,-1,-9,-13,142,-57,-37,DOWN
7,-5,-9,52,-29,-24,3,0,-2,99,30,62,-5,4,15,-55,13,-13,-11,-4,5,56,-44,-21,19,-2,-15,-155,23,16,3,-4,-4,110,18,28,10,-9,58,148,319,106,46,-67,227,16,1515,367,-32,6,242,-2941,-3786,-127,50,-255,-204,-3513,4101,1394,-150,-223,-351,1420,-3272,-1003,80,-53,-227,3017,-973,-398,-1,65,36,42,3202,491,-24,89,79,2230,-989,-1201,61,53,3,539,-278,48,-26,-73,-70,1441,-310,153,12,-10,56,1247,2404,-53,-112,68,188,917,-1998,-519,62,134,150,-45,-577,139,10,149,102,-1448,1487,-166,11,118,12,-2327,-382,275,-3,-7,-129,-800,-151,-62,-4,49,-56,-703,-658,561,1,-19,-120,435,369,-146,-23,14,-8,126,-174,174,9,-7,4,295,98,-42,-6,2,27,-119,100,-32,-1,-5,11,17,-67,-67,10,2,1,-224,23,-36,-2,-9,-28,208,-70,107,DOWN
-3,-1,-1,87,54,-28,2,-1,0,-69,-29,18,-2,-1,-6,61,-31,17,-2,-1,9,-36,20,-3,3,3,3,28,45,-25,9,-4,2,1,12,59,28,-3,46,-36,367,52,61,-36,157,-392,1872,718,-89,-40,216,-2050,-580,831,56,-134,-33,-2385,-2309,687,-150,-380,-185,-1476,-777,183,33,-14,-218,1241,-1831,-710,139,0,-154,2617,3840,-1711,-118,37,68,2612,-458,-298,105,93,2,825,-406,-108,-39,-35,-7,1046,-345,314,-3,-62,9,1958,509,-66,-42,36,106,473,1537,-622,-25,141,148,839,-1813,7,47,166,84,-1037,117,260,15,139,4,-1653,896,-188,-30,80,-9,-1795,-258,236,4,19,-94,-876,-619,-9,19,14,-71,-437,106,354,-10,-7,-84,120,19,-91,-8,14,-9,229,234,132,-2,-3,7,70,-222,-45,8,-6,13,73,94,23,-14,-12,6,-77,-47,17,-2,5,3,36,-18,-81,DOWN
-4,-11,-9,75,-160,10,5,12,17,-80,70,-21,1,-5,-6,31,-42,8,5,0,-8,-9,-11,41,-7,2,11,3,21,-26,7,-5,-1,-10,22,27,46,-1,48,81,552,14,-47,-85,289,-397,426,457,14,-28,94,-3008,-793,98,-67,-234,-100,-2073,394,1308,-55,-223,-253,-605,-970,-799,111,-37,-332,3722,-2293,-386,45,11,-15,1108,4072,-486,-54,111,96,1818,-1239,-232,39,60,45,679,-574,83,-26,-128,-74,2039,-351,55,4,42,116,943,1642,-67,-42,109,194,1106,-745,-185,51,160,140,-893,814,69,-18,181,88,-2396,94,-252,-29,23,-94,-1885,-1186,16,5,35,-137,-543,67,-225,7,30,-51,-33,-245,232,33,-8,-65,25,410,207,-28,14,-2,102,-69,35,-1,-8,-8,222,-83,3,-1,-5,18,-165,44,-10,-1,-9,8,176,-5,5,3,-4,-3,-158,77,0,-2,4,1,77,-86,-39,DOWN
15,7,-3,11,-50,16,-7,0,5,-52,45,54,-9,-3,-8,27,-30,-36,7,-3,-1,28,3,14,1,2,6,37,44,-29,9,0,33,-25,115,49,53,-19,140,-850,938,235,-49,-59,248,-1201,258,157,30,-103,-23,-1994,-253,810,-258,-363,-162,-1916,-2799,1547,376,-46,-278,962,-182,-2801,-65,-20,-225,2500,1274,274,-3,89,112,1957,2003,-71,-59,1,13,1767,-1818,-311,-2,-66,-41,1746,130,-23,3,-24,47,2035,1097,-305,-72,93,195,1268,-800,43,50,200,226,-588,829,-161,12,202,71,-2733,834,-419,-44,82,-49,-2311,-1522,426,27,24,-107,-1035,-541,256,10,33,-117,-222,61,-1,5,7,-88,-18,330,361,-33,6,-16,359,121,-65,-10,-6,11,141,-122,5,9,-5,18,-46,13,-78,-5,-9,0,61,17,97,10,5,7,-43,25,-6,-19,-4,-12,138,-115,-146,24,5,8,-181,1,89,DOWN
3,0,-4,-5,-1,1,-1,0,2,-7,-15,-5,1,0,3,18,25,7,0,1,1,-35,-5,-19,0,1,-5,-47,-102,7,-19,12,-24,-246,-509,-131,-41,-12,-53,451,-3040,25,238,57,412,-2426,-4265,-498,164,-147,-156,-2090,3143,1957,-110,-2,-55,3522,1466,-594,-18,41,138,821,1813,-415,-40,10,20,358,1634,-220,67,25,-49,419,2519,-462,55,-48,-4,1333,2427,-1023,-102,-32,-22,-427,3602,765,-186,44,-71,141,-4116,469,-19,107,-149,-1560,-4118,322,14,-10,-20,-262,196,-135,-22,-67,-39,-477,-879,116,-5,3,51,442,-383,-248,8,-13,18,209,96,22,15,14,5,-121,464,-42,8,4,2,122,184,-129,13,10,0,160,-391,88,-1,3,-5,-145,311,-89,-19,-1,4,-239,162,-65,0,-8,-11,205,-41,-5,-10,6,11,-47,83,202,-4,3,4,-51,-205,-70,17,4,-1,-134,12,172,IN
0,5,9,42,113,-14,-11,-4,-2,-77,-153,-54,8,1,-5,7,39,-22,3,1,2,-14,3,58,0,-4,-3,42,-45,-26,-3,3,6,-30,-10,5,3,-2,2,-28,-4,-12,-1,5,7,-92,-75,-77,-40,3,-38,-414,-896,-215,167,86,558,-3829,-11017,2372,266,-146,-431,153,9704,-2293,-77,-85,127,4281,-3230,1531,-18,82,80,-551,4339,-2012,7,-38,-99,905,1454,1303,-41,43,20,991,3409,-836,-39,-91,46,1424,3115,-1796,-15,30,-63,-1278,1908,531,-248,-9,-158,251,-5666,625,72,141,-40,-407,-3298,964,3,3,-14,-1456,1241,190,-43,-30,-27,53,-1296,-348,3,14,35,-331,-535,-17,34,-26,-9,143,257,-11,4,-7,14,183,453,-64,6,0,13,-233,-77,140,39,0,-6,-83,561,403,-40,-21,-14,95,-485,110,13,18,-11,312,293,-761,-7,-10,-1,32,-18,37,1,4,1,79,-239,247,IN
-10,-6,23,-175,354,-122,-3,0,0,-87,-112,-118,18,-2,-14,-62,61,59,11,0,-7,60,33,86,-10,1,2,-18,52,-3,-7,8,5,-43,-137,31,0,7,8,-187,-94,-102,-5,-23,-23,-90,-530,-22,31,19,17,-175,138,-229,-34,-48,-57,-779,-1752,-179,88,48,702,-1800,-13870,2444,205,-175,-507,-959,14183,-2866,0,116,119,3776,-2751,1872,-47,-5,-22,305,5417,-1214,-88,0,86,903,-94,812,105,2,-51,1211,6370,-1843,25,-78,16,15,1599,-398,-292,38,-180,-60,-4852,1426,51,117,-58,-502,-2921,688,-40,15,-37,-1634,1754,24,-73,-39,-49,27,-1714,-192,6,15,27,263,-960,-351,32,9,-1,-403,-175,75,-3,-10,-1,52,100,3,4,-4,7,88,66,85,-2,8,12,-33,58,-32,-8,-4,-10,-66,16,-22,-2,2,-7,41,-59,-2,5,-3,-6,44,37,-16,4,3,8,18,22,15,IN
-1,-2,-7,90,-14,15,-3,0,8,-45,35,-5,0,-1,-2,44,-29,-2,5,6,5,-41,17,0,-1,-3,-3,42,-19,9,-5,-1,2,-24,30,-23,9,4,3,-10,-22,16,-10,-2,2,-41,-28,-13,-37,11,23,-283,-674,-239,-89,-50,84,299,-6335,-1,678,-15,206,-4446,-2970,541,-276,-111,-103,2343,5777,-1142,158,95,60,1016,116,1811,-42,20,-17,812,3881,-761,-160,17,41,1255,2089,492,82,-78,-28,2234,5471,-778,39,20,26,-709,100,-1338,-168,47,-112,-1650,197,1164,-205,2,-126,340,-5671,538,80,71,-73,-804,-1147,380,-85,-22,0,-727,-462,-343,19,-16,-19,251,-934,-296,42,1,15,-133,450,29,-28,-12,22,226,111,31,-3,2,10,-4,5,-2,6,-1,-12,-104,69,-38,0,-8,-7,119,28,-13,5,8,6,-119,-8,-41,-1,-6,-4,42,64,32,-12,-3,0,71,-141,3,IN
1,3,5,0,-36,-23,4,5,4,-27,-25,1,-3,-2,-1,-12,-14,-8,5,1,-2,-16,10,-5,-3,-2,1,38,13,4,4,-3,-2,-20,-11,-17,1,5,1,-11,-82,12,-24,7,16,-222,-665,-132,-70,-42,-69,518,-3665,462,628,196,569,-3707,-6755,65,-351,-248,-304,1491,7513,-2022,247,79,53,1471,609,2371,-34,32,20,242,3817,-483,-189,-55,-14,1516,1445,676,54,-29,32,164,3705,-1030,-11,25,-37,-549,-932,-887,3,33,-109,-1386,1125,74,-167,-85,-118,1764,-804,528,-98,92,40,640,-2843,662,-33,45,-68,-1644,-673,-219,-56,-12,-14,-294,-1564,-43,48,-7,-13,-252,-671,-168,1,-15,7,116,34,88,10,0,22,-89,45,-17,10,-7,-17,151,229,85,-1,9,7,-16,112,13,-8,-10,-3,81,-11,1,-1,-3,-3,-23,116,-33,-1,-1,-1,32,0,-38,6,3,5,13,-47,-30,IN
-7,-4,4,21,63,-11,0,-3,1,55,31,-16,-2,10,10,-53,-7,-35,6,-2,-9,-35,1,-9,3,-1,-1,16,5,2,-2,0,1,-6,-58,-3,-9,3,12,-160,-501,-92,41,-4,-23,-569,-1279,-139,-72,-55,116,1658,-7411,1231,603,63,139,-1720,-424,-1422,-286,-96,32,-825,5732,-167,210,93,-49,403,1772,578,-197,-3,2,1066,2633,1112,-55,-20,11,1535,3101,-963,50,-42,72,342,2801,-307,79,56,-137,-767,2930,-988,-254,-69,-23,889,-2891,839,-129,100,-81,-267,-4414,634,-55,52,-65,-1789,-1164,106,11,-57,-54,-172,-2216,-356,119,-2,-1,-159,-360,-235,-2,-19,15,217,1561,181,-33,-16,35,324,5,99,7,12,14,-42,239,-76,-17,-5,-6,-97,-45,-38,21,5,-16,57,-57,-25,8,-3,-10,58,47,3,-3,6,10,54,1,-5,-2,-5,8,29,-18,9,0,-3,9,-139,-66,-49,IN
1,-9,-3,-2,39,5,2,-3,-5,24,31,-10,-3,4,5,38,-4,27,-1,1,3,-13,52,-27,-2,4,2,-19,-62,19,0,-4,-5,-14,-57,-20,9,-1,-2,-71,44,6,-1,-1,-2,49,-17,11,21,20,4,94,-620,401,-40,-37,-18,981,-4020,1021,297,94,278,-1848,-4682,-730,-14,-152,-52,-947,3851,-1020,49,69,42,215,509,903,-5,54,-29,622,3762,-807,-122,-27,56,1561,1173,1163,9,31,-31,448,3990,-1211,54,-77,52,1755,2946,-1280,-11,72,-9,-2593,254,817,-117,-83,-228,28,-1837,19,-70,64,-54,222,-2280,579,-51,7,-12,-357,-1179,157,-86,-24,-7,-460,-1032,-207,40,-7,-29,160,-1063,146,11,12,26,28,15,-15,-6,-5,8,57,161,111,-7,1,19,18,-72,18,-2,-6,0,-65,55,-69,4,-6,-12,-64,-133,2,14,-1,-7,160,151,-6,-3,-2,5,-9,78,-33,IN
12,2,-1,43,30,-38,0,3,0,-45,9,44,-5,-7,-2,40,9,2,-2,3,4,10,40,3,-1,3,3,-54,-54,-10,7,-2,-5,13,45,8,-4,4,4,3,-1,-11,-11,5,16,-66,-190,-31,21,10,-2,-490,-1298,-112,107,-69,-24,496,-4091,412,118,43,278,1256,-5135,-224,305,8,-82,-2647,9354,-3237,-425,-92,25,-260,-2777,4090,147,67,-50,151,5074,-517,-135,-6,80,1940,-381,377,100,18,-12,559,2570,-429,22,4,20,-502,3390,-780,-85,-69,-136,763,593,-11,-143,32,-53,712,-2080,38,-62,64,-67,-1299,-2072,218,-16,40,-10,-716,-2371,-5,28,-32,-51,396,-1364,-7,36,28,33,-103,-397,132,14,-5,12,-118,1057,146,-49,-14,27,-221,19,81,-4,-11,-11,128,-31,-158,14,16,5,-88,95,-28,6,-2,-7,33,-3,36,1,3,-3,51,-21,20,-7,-9,-2,-25,39,-55,IN
0,1,5,34,-94,-22,7,2,1,-9,105,-4,-6,2,3,-38,-65,14,-1,-8,-10,0,11,-5,0,4,4,29,-3,-7,5,2,1,6,50,20,1,3,3,-112,-2,-41,-15,-14,-17,-943,1145,-257,16,-18,-47,-829,42,-127,-101,-86,-3,1480,-2584,903,-51,22,199,2926,-8807,1015,465,121,97,-2387,1520,-1445,-27,-57,36,-2386,4158,642,-63,8,-10,629,1677,-511,58,67,34,1109,2192,-430,-87,-56,-31,1498,2063,657,157,-19,12,852,4637,-1197,-24,18,-2,-1242,3786,-55,-322,-46,-97,439,-3513,678,-62,71,-122,-857,-2980,-182,-51,7,-34,-693,-777,152,-18,-52,-81,583,-2016,-131,15,27,54,307,-944,181,69,20,7,-139,245,144,-49,0,48,-247,127,79,4,-13,-34,181,-273,56,-5,10,6,-107,-86,-53,10,3,-13,24,80,-49,10,0,0,-170,110,19,-2,-9,-3,103,-197,6,IN
-3,-3,1,-22,-118,-8,7,-1,-2,75,100,34,-4,2,4,-64,-69,-4,-5,-3,-2,20,3,-7,4,2,-2,-101,33,-28,0,-4,0,116,3,16,-30,12,20,-177,-793,-90,-168,-80,44,1748,-7572,529,786,144,405,-2654,-4735,-1209,-99,-84,-319,-1510,14092,-513,-165,-8,132,2782,-6201,1615,70,6,-87,-745,7451,-987,-52,-46,24,2050,1562,31,111,4,-90,605,4573,-454,-240,-92,245,-908,3929,1488,-381,180,-193,-1028,-8427,-355,6,-9,-138,533,-2722,-470,34,-5,-16,202,-3235,59,94,32,-10,-572,-272,238,73,1,-23,-616,1125,91,-37,-41,4,-136,1207,267,-8,-11,1,286,-221,-99,2,0,-7,90,167,-28,4,12,7,10,70,25,1,1,2,-36,-44,-75,5,-5,-6,-14,-62,2,8,-5,-7,29,52,11,-6,-1,10,89,220,-7,-9,1,8,27,-167,-16,12,4,3,-108,33,-43,IN
5,-6,-11,-70,35,37,-3,7,5,168,-23,-25,3,-2,0,-50,51,9,-6,3,13,-57,-156,0,6,-7,-16,-32,117,-8,3,7,-2,67,-31,-4,-7,2,7,-144,263,-11,-69,12,21,-188,-1062,-99,-97,-84,-3,1389,-6589,1009,746,146,420,-3346,-5010,407,-333,-125,-294,1539,7442,-1779,123,99,102,434,2633,730,21,23,7,429,3448,301,-83,-33,5,800,2699,-458,47,-49,61,413,5310,-2329,-134,-11,-117,-1115,-677,1317,-267,-42,-118,896,-5479,429,82,90,-87,-853,-3112,799,27,-14,-42,-787,420,-230,1,-30,-20,252,-855,-78,48,12,15,100,941,136,-76,-20,52,188,163,-21,-26,-2,6,187,-369,-11,14,20,2,-180,-340,-58,24,2,-17,-44,-47,-65,4,4,7,-70,202,22,-9,-8,-2,71,-55,15,5,-4,1,-20,43,-13,6,5,0,-19,20,3,2,-2,-3,-28,-13,24,IN
4,2,-1,-31,-29,-14,5,-2,-6,-11,5,13,-5,-3,1,73,41,-8,-2,2,7,-32,-24,2,1,-1,1,-24,-95,35,10,-2,-8,-51,29,-65,-9,0,2,94,-255,46,-77,-21,-57,867,-3104,482,439,104,596,-1242,-10487,-145,-73,-241,-382,-2563,11502,-2031,89,175,153,2460,-2592,2889,-37,44,-48,215,4972,-1094,-162,-59,63,526,-439,1064,26,27,-23,480,3682,-1824,103,-19,-32,1545,3115,-817,95,28,40,-1875,3887,-211,-383,-182,-224,863,-5032,1280,21,171,-38,-141,-3298,683,-103,-1,-23,-1682,-139,-44,-7,-49,-51,696,-1488,-122,38,30,10,-68,-989,-65,25,6,-3,-183,871,46,-38,-13,27,231,-151,-19,15,5,3,-156,169,-22,-18,-1,4,52,-144,-20,5,0,-7,-98,-68,-21,11,-3,-14,-3,-62,-1,3,-1,7,70,103,-1,-6,-4,4,15,-32,-11,5,3,1,-39,-13,-26,IN
1,1,-1,-21,-2,-35,-3,-1,3,-86,-52,-39,12,-3,-12,-1,21,38,-9,3,5,96,9,37,-2,-1,4,58,120,3,1,3,0,-64,-99,-36,-52,-2,-2,-31,-811,48,176,83,528,-1498,-13723,1782,230,-262,-449,-1356,9574,-1436,-18,157,266,3161,-469,714,145,99,-79,-960,5513,-1729,-169,-48,-26,1269,446,1953,32,-42,-37,1209,6150,-1914,-34,-87,107,779,931,-740,-84,104,-76,-1684,706,907,-236,27,-118,-354,-4491,703,5,68,-116,-491,-2823,232,-61,-47,-21,-207,-526,-281,26,-17,-11,20,-996,-142,31,10,32,169,164,-29,0,-15,-1,-237,173,-7,-5,-11,-5,127,163,12,-5,12,3,33,-39,-21,0,-3,-3,45,-66,-50,14,2,2,-64,-57,19,1,-6,1,20,87,-4,5,-1,0,-14,-2,18,5,-5,-4,22,10,11,3,4,5,23,57,24,-8,-5,-4,58,99,-73,IN
7,5,10,-41,-50,29,-3,-1,-1,-69,43,23,7,3,-4,32,-8,15,-4,-1,-3,19,-21,27,-12,-3,3,22,-2,-18,5,-2,-3,11,-139,7,23,6,-6,43,268,21,-9,-4,1,51,1,15,15,1,-37,263,419,-89,74,1,-46,1403,3566,-555,10,137,423,-3118,9425,767,-414,-155,151,-792,-946,-1320,-62,-11,-39,3119,-11466,-793,356,121,107,-369,-1791,1330,-217,-78,-86,-590,-2540,2119,-112,1,32,388,-7830,452,135,-52,-182,1578,-374,-2342,418,184,-128,-1979,3432,513,-62,-148,-266,-2287,10025,-434,-173,-34,50,2178,-2546,143,67,18,9,-111,376,145,-49,-17,18,156,447,-135,20,8,5,-14,-67,16,2,3,0,48,-227,13,-3,-7,-4,118,-80,55,-3,2,5,-131,92,31,0,-1,2,46,-51,17,-5,-1,-1,27,-141,22,6,2,0,-83,153,-42,-1,-1,-4,38,-36,-1,OUT
0,-1,1,-1,21,-7,1,3,4,-2,59,-7,3,3,0,-4,-51,-3,-4,-5,-2,30,-40,0,2,3,-1,-38,83,5,-6,-5,0,24,-122,20,4,3,0,14,114,-35,11,3,-9,162,143,-2,45,-40,-139,1748,3477,-1002,114,198,308,-2041,9289,563,-482,-153,312,-985,-659,-603,-73,-15,-49,1293,-8571,-1310,401,91,190,1407,-5793,951,-218,-54,-137,-2027,-1,3187,-130,28,85,792,-8299,-762,8,-112,-220,736,-1596,-2089,603,234,-134,-1044,4288,404,-176,-131,-251,-3256,11687,186,-202,-96,-9,3380,-5640,394,103,54,25,-466,1470,35,-37,-11,21,246,374,-38,18,9,7,53,-427,65,-17,-3,6,-63,171,4,18,3,-4,16,-30,-33,-11,-11,1,16,3,-4,8,3,-9,17,19,35,-5,3,9,-44,70,19,2,-6,-6,32,-91,-24,4,8,4,-16,112,-6,-3,-4,-1,25,-116,26,OUT
-8,-1,1,-41,-231,23,-5,-3,-4,31,78,-16,11,5,5,-38,190,-30,-2,-4,-3,53,-181,64,-10,4,1,-35,176,1,55,-26,-123,971,1585,-556,124,56,121,813,7159,-981,-222,95,441,-2741,6801,907,-276,-40,77,1030,-6386,-2092,345,-12,77,2123,-13199,853,-18,51,-42,-3022,4772,3387,-227,-58,-71,1038,-5587,-456,-96,-22,33,-138,-6437,1020,195,-31,-194,500,-183,-2009,303,96,-129,-1483,2791,179,-2,-157,-278,-1250,8923,-979,-123,0,33,1947,-370,424,29,18,51,173,-252,187,-23,3,4,228,659,95,-23,2,18,-31,-202,-76,0,0,-5,-143,-14,75,8,6,-11,-69,-50,-48,-10,-6,-2,32,7,-8,-16,1,2,-59,-25,6,25,4,0,34,-37,-22,-13,-3,2,-1,-174,75,-4,-6,-7,-11,115,9,1,7,6,31,9,-6,1,-1,0,0,-47,-22,1,2,1,-17,8,-4,OUT
-7,-2,-1,-20,-207,74,3,-6,-8,-10,218,-91,-6,3,6,25,-68,-12,9,1,-4,9,94,-19,-1,6,5,26,-99,38,17,0,-27,282,330,-88,55,-12,-63,1872,2449,-679,64,128,216,-1681,10226,-797,-478,-74,382,-1587,601,-760,-101,34,-36,1109,-8742,-516,578,53,54,1429,-6811,1315,-363,-76,-28,-1677,799,2503,3,54,-6,760,-6046,907,-176,-109,-75,134,-6490,-751,469,60,-30,490,1006,-1834,211,-30,-514,-3614,14153,-579,-373,-66,56,1831,-1159,1254,126,67,61,400,-920,-85,-17,-3,-7,233,1203,104,-42,-10,30,-16,-660,24,1,-4,-11,12,98,-41,1,-7,0,-99,-222,36,1,-2,-16,-17,242,0,0,1,9,69,-2,-16,-5,3,4,-65,52,22,13,-3,-9,0,-53,-37,-5,0,2,142,-8,1,3,3,3,-94,-21,-23,1,2,4,39,-40,13,-1,-6,-9,-49,-42,71,OUT
-1,1,-2,-50,-24,36,6,7,6,9,128,-50,-12,-10,-4,-30,-186,62,5,-3,-9,39,100,-47,1,3,7,-16,-35,27,2,2,3,62,80,-30,6,8,-1,83,127,5,59,-32,-115,781,2535,499,52,92,176,-1128,9651,-2288,-443,-27,450,-1902,405,699,-126,-4,-107,1545,-8152,-2039,541,67,77,2440,-5788,1026,-244,-23,36,-1454,-818,2948,-91,-21,4,146,-5084,470,-102,-31,-108,-247,-4850,-569,378,46,-78,1423,193,-1501,274,57,-337,-4052,10748,-386,-360,-159,-72,1011,1701,1225,63,34,37,1172,-1391,-127,20,13,20,64,1158,-20,-53,-12,26,136,-522,52,17,11,-4,-155,201,-37,-6,-10,-4,41,-208,20,-7,-12,-3,-24,-150,65,8,7,-1,-103,347,-26,4,-5,-8,179,-132,-32,-2,6,8,17,1,8,-3,2,3,-7,-17,24,0,-1,-1,-29,-37,31,-2,-5,1,66,-29,-63,OUT
9,6,4,-28,-30,3,-3,-1,2,-70,58,73,-5,-8,-8,14,-60,-13,-3,-1,-2,38,46,-68,8,6,1,42,8,-11,3,-1,-2,102,66,-38,53,-40,-137,1420,3503,-952,75,202,333,-2126,9300,-1526,-407,-165,201,240,-472,-536,-82,33,11,1531,-10034,774,465,71,107,147,-2317,856,-242,-30,-5,-1251,-1412,1908,-26,31,-37,101,-3390,1027,-180,-56,8,-107,-5751,-476,219,41,-103,-240,-1362,-963,410,29,-341,-876,5610,213,-142,-124,-141,-148,7138,-433,-144,17,87,1132,-1397,169,42,6,-5,-285,723,-58,-28,-6,33,345,-161,27,-5,3,2,-164,243,-52,8,-2,-3,63,-388,51,-6,-10,-4,-66,290,-31,-4,-5,0,89,-331,69,2,1,-3,18,208,-18,0,3,-4,139,-81,-33,-1,4,11,-101,20,17,5,-1,-3,-31,-54,23,-4,0,-1,8,79,-1,2,0,3,26,-54,-7,OUT
-1,-3,0,1,63,-21,-2,2,0,73,-38,22,-3,0,6,-34,33,-21,6,6,-3,-25,40,6,2,-3,0,-11,1,-12,-6,-2,3,24,-150,57,20,-6,-54,416,651,-136,51,-6,-31,939,4801,-1398,-48,117,218,-1499,6574,-247,-139,6,387,-538,3408,-986,-390,-156,71,3162,-17452,27,704,172,-151,-2712,3435,2806,-449,-23,52,867,-4107,191,15,-22,27,-53,-5485,857,-81,-56,-76,-647,-4602,-1219,476,50,-49,113,552,-1641,186,-48,-481,-3395,14099,832,-413,-96,15,2763,-2019,823,113,68,49,259,149,-60,-28,-5,5,469,851,6,-38,5,35,-63,-887,201,17,5,-15,-151,345,-38,0,-2,6,-140,-112,-43,4,-12,-24,100,-130,-35,-16,-3,13,70,-22,73,10,4,-1,52,148,-52,-4,0,3,-10,-140,8,3,0,-1,-20,58,-13,0,2,1,-14,-28,31,-3,-3,-2,-3,-13,-35,OUT
-10,4,1,-28,-111,30,11,-2,-3,13,138,-48,-12,-9,-2,12,-173,51,1,3,3,37,126,-21,12,9,2,-47,-23,8,0,2,1,67,61,-28,11,0,-6,-37,217,26,79,-43,-145,1956,3294,-1347,61,117,277,-1305,10379,-1262,-421,16,325,-1184,486,-1334,-58,-14,-11,3086,-14549,1498,463,85,123,-2069,1229,2316,-286,-65,-63,-365,-3903,712,-16,16,-47,-147,-1460,967,-233,-61,31,-306,-6720,50,375,48,-77,141,-3186,-313,320,-3,-469,-601,9784,-738,-288,-142,-3,-133,5300,-1172,-18,20,50,768,-1536,511,58,22,-10,-88,886,-72,-47,-17,27,95,-60,79,14,7,-6,21,-108,-22,-12,4,19,-102,185,10,8,-11,-15,-4,-484,153,-10,-6,-6,129,296,-69,0,3,6,42,-108,-25,1,0,1,-85,90,-14,9,-1,0,125,-139,48,-9,0,2,-22,38,-4,1,-3,-5,29,19,3,OUT
-2,0,3,-38,-91,38,-1,-2,-7,37,77,-40,2,6,9,-32,-25,35,-1,-7,-9,35,8,-37,0,5,11,-34,-62,41,0,-4,-10,33,43,-30,1,2,2,7,2,-16,13,7,5,34,-56,49,19,-20,-77,554,1190,-634,123,43,48,736,7169,-1813,-256,60,252,-1853,4845,35,-146,25,188,531,-1633,-1833,-13,-37,86,2272,-12712,1702,409,140,3,-2490,2795,2700,-259,-98,-12,437,-3331,-232,-38,7,-30,258,-2555,1481,-134,-45,2,-298,-4180,-527,-10,0,-70,-166,-3419,-946,392,36,-155,51,1824,-1798,163,-7,-322,-2529,11839,1244,-317,-98,37,2195,-1928,458,76,49,36,-28,-41,61,-36,-22,1,145,529,-1,2,1,8,34,-321,-44,7,7,2,-82,262,22,-9,-15,-9,-17,-457,124,-9,-6,-4,109,226,-12,10,6,3,28,13,-43,4,1,7,-8,5,-5,-4,0,1,-103,-65,60,OUT
-2,0,-1,-2,33,-20,5,0,-5,57,-18,-13,-7,2,6,-21,11,4,5,2,-2,22,71,5,1,3,3,-68,-31,1,-4,-5,-2,55,-114,11,2,2,0,-26,158,-31,5,5,6,-29,-36,91,-5,-1,-5,24,-55,-24,82,3,-56,175,954,15,1,0,42,448,7857,-2131,-268,71,315,-2160,4401,54,-117,45,150,-100,-3814,-1689,109,-73,18,3868,-10373,1644,171,115,33,-2111,2761,1129,-1,-21,-39,296,-3056,874,-149,-53,-3,425,-2551,1162,-159,-3,137,337,-8984,271,160,-46,-144,63,-972,-2328,645,156,-385,-2936,7997,-649,-434,-182,-111,-889,8744,1184,4,15,-11,2507,-3927,242,27,-6,22,-88,1247,162,-79,-14,36,257,-76,4,20,8,2,-231,-142,-58,-1,-6,-3,-67,218,-4,-1,-9,-4,-14,-307,76,-8,-4,-1,57,40,3,4,-6,-7,76,-25,5,-6,7,10,8,73,-1,OUT
0,0,-2,-13,114,-20,7,3,2,-7,-69,17,-6,-8,-6,31,-28,1,-2,1,2,22,11,-1,4,9,6,-29,55,-8,5,-4,-5,-16,-34,-2,-6,-5,0,14,-61,28,-1,1,0,5,98,-49,8,0,0,58,-26,20,-10,2,5,-13,-56,3,4,-2,-4,-68,60,9,4,2,-1,49,25,-19,-2,-2,0,30,-125,18,-6,4,5,-20,85,23,12,-2,-7,-1,37,-59,0,-5,-39,271,303,-120,194,-12,-56,1764,8568,-2289,-241,197,509,-2770,8786,-561,-320,-54,48,2513,-11111,193,439,22,54,-695,-7654,1182,-205,-54,48,-512,1014,1405,57,17,-83,-1140,-1649,1065,-211,-31,-23,1298,-4440,1229,8,0,71,-490,-7081,-751,273,-26,-167,461,784,-1748,388,72,-377,-3045,10134,-292,-375,-139,-28,1205,3113,477,31,18,39,731,-1432,-36,20,0,-20,188,1038,205,-51,-7,39,305,-353,17,OUT
0,1,6,-184,90,23,3,4,-6,82,-41,0,-10,-6,2,-68,-91,62,3,-11,-13,47,46,-32,6,16,18,101,58,-30,-5,-9,-7,-100,-165,79,1,2,0,57,162,-74,19,6,-8,157,205,-79,34,-25,-87,1016,2397,-836,29,65,124,-1189,8000,-1335,-267,16,249,-378,1415,-884,0,85,140,385,-347,-820,17,-132,186,4104,-17479,799,131,159,-6,-4514,8323,5455,0,-15,-69,366,-3997,-2215,-205,-75,-40,596,-2957,1300,-104,-21,34,-252,-5122,-1069,149,29,-15,-109,-4402,-421,398,-20,-200,129,3604,-1389,67,25,-342,-2562,13414,727,-323,-65,-17,2002,-3190,931,73,20,38,216,-83,-138,-41,-18,12,-176,642,-113,13,2,-4,134,-559,-35,-13,-7,1,-104,165,81,6,-4,-6,183,-206,-23,-6,-2,7,-66,60,-49,14,6,-2,62,23,55,-3,-4,3,-42,13,31,-2,2,1,47,40,-18,OUT
-1,-1,3,38,10,9,0,4,5,-25,15,13,-1,-4,-4,-9,-40,2,1,5,0,33,51,-8,-2,0,3,-48,-113,58,3,2,-5,20,120,-60,16,-3,-24,359,670,-321,102,22,-6,989,6248,-1923,-155,91,233,-2414,7728,-567,-206,-4,258,983,-590,-1303,16,15,120,1813,-16249,1230,187,-109,-70,-1127,3777,2862,-59,132,23,-689,-4148,274,-136,-89,-4,790,-4131,1158,-104,16,-4,-1034,-6037,-50,326,-68,93,-581,-3863,-2323,524,127,-823,-2350,18623,1084,-705,-251,158,3318,-1986,-63,232,123,52,128,-1396,193,-38,-43,-26,-113,2012,-317,-14,22,44,188,-785,216,4,-5,-6,-341,162,-205,9,-4,-7,29,-46,23,-9,-10,-10,-47,-83,61,10,13,10,95,219,-57,-10,-8,-8,-137,-234,100,3,0,3,-52,161,-121,2,-7,-12,158,-179,52,-4,0,12,106,149,30,2,10,10,-71,-5,11,OUT
