18,13,1,200,-104,171,-7,6,21,-55,60,-332,10,-7,9,-362,184,206,-7,-1,-21,-13,747,179,78,-15,80,-583,1085,308,-79,13,-79,1107,-2250,-285,-43,-10,-12,182,338,260,21,17,11,-630,534,313,-52,-16,-33,228,-505,-280,10,-11,-15,-203,302,-286,17,17,8,126,-206,-219,-20,-3,11,207,-7,-126,19,13,19,0,81,-7,-7,-6,-6,-7,-154,-35,4,1,2,-18,15,-47,14,-2,3,-104,191,81,-8,7,-3,224,-317,-44,-4,0,0,-141,231,-4,6,8,2,27,-84,-30,-4,-1,-1,-43,-10,77,4,5,4,4,74,-18,-3,-1,0,-39,-109,16,-6,-3,-5,-26,107,4,8,2,2,-21,-36,8,-2,-1,-4,16,-7,8,-1,0,4,21,-73,5,-3,-1,0,-14,88,-11,9,4,-1,-26,-3,13,-5,0,2,37,-53,-4,-5,-3,0,-51,48,3,IDLE
1,1,1,17,-12,-3,-2,-3,-2,12,-29,9,-1,-2,-2,9,42,-14,-1,1,2,8,-53,8,-1,-2,-2,-14,40,-3,6,5,1,28,-26,4,-8,-2,2,11,-19,13,2,-2,-3,4,21,-8,3,6,4,-41,55,-13,-2,-2,1,6,-75,17,-2,-6,-5,-1,40,-12,6,7,5,17,-2,13,-5,-1,0,-50,27,2,4,1,-4,-10,-38,-9,-3,-5,-6,29,5,11,-2,3,4,42,-6,-11,-2,1,4,-25,-2,3,1,0,-1,4,11,-5,-2,-5,1,-1,-21,-7,4,1,0,-1,29,-24,0,4,-1,28,-44,32,-2,1,-2,-34,-5,2,-1,-2,-1,-19,22,11,8,4,3,7,64,-15,-4,-3,1,41,-70,6,-4,1,3,-52,7,-28,6,0,-5,2,-20,16,-5,-5,0,37,26,21,2,4,4,-27,77,-23,0,0,0,0,-94,3,IDLE
-3,-3,0,56,-88,13,0,2,2,-29,66,-8,6,2,-1,-4,1,11,-2,-1,2,-6,30,-6,1,2,-1,-8,-45,5,-9,-7,0,49,-55,-1,5,6,1,-54,94,-2,7,4,2,-22,46,4,-5,-5,-6,52,-118,-14,-7,0,4,-45,15,0,4,-6,-4,18,-34,-58,4,8,4,17,30,60,3,-3,-5,-26,95,17,-4,0,2,22,-62,-26,0,-1,-1,8,-29,14,-1,-1,1,-9,36,-17,4,3,5,-18,-22,23,-3,-3,-3,31,2,-14,-1,2,1,-8,-17,-8,3,-1,-4,18,19,12,-3,2,3,-20,0,2,-3,-2,0,22,-41,-3,3,1,1,-4,17,-14,5,-1,0,-5,22,5,-5,1,-1,-24,39,12,8,1,-2,-3,-10,-1,-8,-3,-2,17,-37,9,-1,4,5,5,-30,-7,0,-3,-1,12,35,-16,2,1,2,-14,2,10,IDLE
-1,1,1,-38,66,4,5,3,0,0,-15,1,-4,-2,3,11,-25,-3,-5,-5,-7,36,-91,-10,-1,1,0,-22,86,3,8,2,0,-13,71,-4,-1,0,1,29,-106,10,-10,-1,5,3,-3,10,0,-1,-2,-35,61,-18,13,4,-2,-4,24,1,-3,-1,-1,10,-32,7,-4,-1,2,15,-27,-2,1,0,0,-17,33,-7,2,2,-1,6,-22,4,-1,-2,-1,10,4,14,-2,0,1,-5,1,-11,4,3,3,-15,15,0,-3,-1,-1,19,-58,-5,-6,-4,-2,10,18,3,13,5,1,-47,112,8,-4,-2,-2,9,-77,0,-2,0,1,21,-14,-5,-3,-1,2,5,23,4,4,3,-1,2,-16,-2,-3,-1,1,-13,-21,11,-2,-2,-2,0,29,-21,3,-1,-1,14,11,10,-4,0,1,11,-30,4,5,2,1,-35,43,-3,1,0,0,9,-28,0,IDLE
-6,-4,-2,7,28,-7,6,1,-1,9,21,-9,0,1,2,-16,-8,14,-2,1,2,-1,14,-3,-2,0,0,9,-56,6,-4,-3,-2,-14,15,-9,7,2,1,-17,68,-4,0,1,0,30,-70,3,-4,-3,-3,5,7,-5,5,3,3,-17,40,4,-3,-2,-1,17,-51,6,-3,-1,0,4,17,-3,5,1,1,-31,29,0,-6,-4,-2,47,-66,5,10,9,5,-45,134,-7,-1,-2,-5,0,-138,13,-5,-5,1,25,36,13,0,3,2,-20,74,-9,1,2,-3,-4,-81,-13,-5,-2,-1,35,-22,-5,2,-3,-1,14,59,13,-1,2,6,-53,2,-8,2,0,-4,-1,-8,-24,3,1,1,26,-45,11,-1,-1,-1,19,27,19,-4,-2,0,-7,-15,-12,5,4,2,-32,32,18,0,0,0,27,-19,-7,-5,0,2,-35,-5,-4,6,-2,-5,16,76,-16,IDLE
-1,3,1,-19,60,-28,-3,-3,-1,33,-65,4,1,-1,-1,-34,111,8,7,3,0,9,-34,-7,0,-1,0,22,-50,1,-5,1,4,-17,-5,12,-3,-3,-3,19,-35,-5,-2,-1,0,-12,49,-7,10,5,0,-41,68,-9,1,-1,-2,44,-87,15,-7,-1,4,-2,1,-5,3,1,2,-28,29,9,0,-3,-6,19,-39,0,-2,2,2,3,53,9,-1,-1,2,-13,1,-9,2,4,-2,2,-41,7,-2,-2,-1,-4,17,3,-1,-1,2,13,16,-15,6,2,-1,-16,21,-7,-6,-4,-1,38,-75,-2,-1,0,-1,-26,33,-9,9,1,0,-9,69,20,-3,2,3,16,-104,5,-7,-3,0,0,15,0,5,0,-4,-16,95,-9,0,1,1,15,-77,2,-1,-1,1,26,-15,3,-3,3,3,-62,35,5,5,-2,-6,34,-36,-8,-6,-2,3,10,28,17,IDLE
-2,2,7,-5,15,-6,4,1,-1,-42,-1,2,0,-2,-5,44,-2,-5,-2,2,5,-32,16,13,0,-4,-2,21,-13,-13,0,6,4,-28,18,15,5,-3,-4,-5,-34,-11,-5,-2,-1,12,-16,10,1,0,-1,-5,49,-8,2,4,2,4,-27,4,-5,-3,-1,8,11,2,4,0,0,-2,30,-19,-2,-1,1,15,-91,22,-1,0,0,-21,93,-12,6,1,-1,7,-8,0,-5,0,1,18,-65,11,-1,1,1,-32,46,-2,0,-1,-2,22,-2,8,1,2,2,-9,-15,-20,3,-1,-3,-9,22,7,-5,1,5,6,-6,8,-2,-5,-6,2,-17,-32,9,5,2,-34,53,17,0,-2,-2,48,-24,17,-7,-1,5,-15,-7,-2,2,2,-1,8,-25,-1,-3,-3,-3,10,-20,0,1,4,5,-23,86,-7,5,-1,-4,-3,-58,-10,-2,-2,0,23,-15,15,IDLE
5,6,5,-18,1,-2,-3,-4,-2,16,-29,-9,-3,0,2,-32,21,10,4,-1,-3,6,31,-11,-1,0,0,15,-74,4,1,-1,-1,-5,55,-10,2,4,2,13,-34,16,-7,-3,0,0,-7,-7,9,3,-1,-22,61,-1,-4,0,1,18,-37,8,1,2,3,-12,7,-7,-4,-2,-3,-16,-38,-7,4,-2,-5,31,6,10,-3,2,4,-3,34,-6,3,0,-1,14,-26,-13,0,1,4,-15,4,20,-2,-2,-2,-7,-13,2,-2,0,2,9,35,-20,6,4,0,-16,-16,13,-2,-2,-4,21,-14,-4,0,1,2,-13,11,9,-3,-3,-3,8,13,-14,4,4,4,4,-41,13,-4,-3,-1,-11,34,2,3,2,-1,-13,47,-11,-1,-1,1,16,-57,4,-2,-2,-4,-29,0,4,4,-1,-5,23,90,-6,2,5,11,57,-111,12,-11,0,3,-31,-40,-16,IDLE
3,-1,0,25,10,-5,-1,3,6,-9,-38,8,-5,-2,-1,-28,-5,1,3,1,-3,1,40,-18,0,-3,-3,20,-26,16,0,3,5,-6,52,-15,6,3,0,-20,-23,11,-6,-5,-2,36,-54,13,-3,-1,2,-18,59,-27,4,3,-2,-8,-28,13,1,-3,-1,18,17,2,-1,2,2,-4,-24,5,0,1,1,7,19,12,-2,-2,-3,-14,-13,-6,1,1,2,4,2,-9,-1,0,0,13,10,6,1,2,0,-31,27,-14,5,-1,0,19,-6,12,-9,-1,1,-10,-60,-8,5,-1,-5,2,52,-7,-1,2,3,24,-15,13,-1,-1,2,-12,-3,-4,-1,1,0,6,-8,1,1,-1,-1,-17,15,-6,2,2,1,-3,11,5,-3,-3,-2,23,-53,-5,1,1,1,-30,82,0,6,1,1,11,-31,-2,-7,-2,0,16,-51,4,3,2,-1,-13,38,6,IDLE
1,-4,-3,-28,58,9,2,1,1,-12,22,-10,-2,1,2,18,-43,-1,2,-1,-3,-4,21,1,1,2,0,-4,1,-2,-3,-1,0,7,-57,5,2,0,-1,7,70,4,1,3,3,-1,-27,-4,-5,-3,-1,23,-26,-9,2,2,2,-52,57,-5,5,1,0,23,-22,23,-7,-4,-4,4,-33,-14,5,1,-1,-10,34,14,-3,1,4,21,3,-13,5,1,-2,-14,-13,9,-6,-2,1,-11,5,10,-1,1,0,-6,3,-8,0,0,-2,9,12,-15,3,0,0,8,3,-10,3,0,2,8,-21,15,-3,0,1,-18,-14,7,1,-1,-3,4,24,-3,-4,0,3,17,-40,8,1,0,1,-8,50,-11,6,3,0,-20,26,12,-8,-3,0,-4,-41,-9,3,-3,-5,-2,6,-13,3,-1,-1,33,3,5,-1,6,7,-16,-30,17,1,-2,-5,0,17,-1,IDLE
-3,-4,-4,-9,75,-10,6,7,3,10,-43,7,-5,-4,-1,-5,-24,11,-1,0,-4,-3,62,-12,5,3,4,-6,-6,11,-2,-1,0,20,-35,-18,1,1,2,-23,17,-2,-3,-1,-1,12,7,7,3,0,0,-12,15,-7,-1,-1,-1,11,-24,-3,0,0,1,1,-12,-6,0,0,-4,-19,15,12,0,1,2,18,6,0,2,0,-1,-1,-8,0,-1,0,1,24,-16,12,-3,-3,2,-12,19,-12,3,3,-1,-26,1,-2,1,1,1,18,14,3,-1,0,2,-27,-10,11,-3,-3,-6,16,-11,-26,4,2,2,11,6,18,-5,-2,1,10,-6,-12,4,5,3,-24,-65,-22,2,-4,-8,18,73,23,0,0,5,3,26,8,-4,-1,-1,-2,-51,4,4,2,2,-28,52,-9,4,0,-2,29,-33,6,-6,1,0,9,-17,2,1,-1,0,-15,21,2,IDLE
4,2,0,12,-18,1,-3,-1,4,-29,16,7,1,-1,-6,20,-9,-5,1,2,3,-4,10,5,-2,0,2,-9,-12,-11,2,-3,-2,12,3,-1,2,3,2,-24,9,6,-1,0,-2,12,-7,4,-2,-1,-1,16,-26,-3,0,-1,1,-19,57,3,3,3,2,-9,-11,-8,-3,-4,-3,18,-35,3,2,3,1,-3,30,6,-4,-2,3,-19,5,8,2,-1,-5,17,-16,-28,0,5,2,-2,-3,24,-1,-3,-2,-1,0,-18,3,0,0,12,0,14,-4,-1,3,-13,18,-1,3,0,-1,8,-11,-14,0,2,2,11,-24,9,-2,-2,-4,1,41,2,4,1,2,-32,-32,5,0,2,3,28,35,8,-7,3,1,-25,-11,-5,-1,-8,-7,8,-28,-25,5,2,-2,-3,25,2,4,0,2,3,16,8,-1,0,4,19,-2,4,-3,1,2,-36,-46,-1,IDLE
1,3,2,5,-7,16,-5,-4,-4,5,-16,-16,4,1,1,2,2,3,1,2,-3,0,-6,3,-4,-3,-2,24,3,-3,1,2,5,-1,11,-11,-1,3,5,-25,-11,7,2,-1,-3,12,36,-21,0,-1,-4,10,-25,-3,0,0,0,12,-25,-6,3,3,5,-23,12,7,-1,-2,1,6,24,20,3,0,-4,-14,-8,-4,-3,-1,0,26,-18,11,-1,0,4,-11,6,-7,6,4,-2,-39,33,15,-5,0,1,1,-36,12,-4,-3,-4,34,9,-13,-1,3,4,-35,8,-5,3,-2,-6,16,11,-3,1,2,4,12,-12,-6,2,-3,-1,-11,-17,-3,-2,1,2,8,-9,5,0,-2,-2,-1,29,2,0,3,4,-7,1,16,-5,-3,-2,-25,0,-26,10,3,-5,12,-11,1,-2,-2,1,37,-2,9,-5,1,6,-29,-5,20,-2,0,-1,-10,-8,-36,IDLE
-1,2,4,-16,-39,8,3,-1,-1,4,42,-3,-1,1,-1,-8,-9,9,-2,1,1,5,-6,5,0,-3,-7,0,-3,-16,-3,0,2,9,-38,18,-3,-3,2,60,20,-41,9,5,4,-38,9,32,1,3,3,-49,27,-7,-7,-5,-4,-36,-42,1,1,-4,-7,21,-33,40,6,4,1,43,169,-63,-4,1,7,10,-188,29,-2,-1,-4,-33,45,-54,-14,8,-25,-168,-327,-128,90,-27,-164,327,215,-242,23,7,11,729,-597,427,-60,-16,54,683,-247,466,-10,25,86,494,-96,87,-29,24,115,409,872,-101,-22,35,110,-413,225,-247,9,57,51,-1361,203,-293,34,10,-7,-606,-817,101,30,11,-22,-526,1022,-167,-50,-10,-38,-652,22,58,2,-6,-58,-249,-311,1,44,-36,-72,-274,235,-339,-32,-21,-54,360,421,56,71,-1,-61,50,-338,287,-66,-39,-18,659,-517,-47,UP
5,0,-2,-71,42,7,-3,-6,-7,26,-61,-4,-1,5,8,26,75,-1,2,-2,0,-20,-5,11,1,0,-1,-13,14,-28,-3,-3,-5,18,-40,14,0,3,1,-6,24,-31,3,1,-7,-26,59,-2,-4,-6,-29,0,-109,-35,19,9,-35,0,-112,-120,48,-18,-78,301,-445,92,41,-8,-35,624,132,249,-86,-7,76,922,-601,418,-52,19,121,361,340,-32,4,39,96,-195,534,-207,25,52,87,-629,684,-217,6,40,39,-1082,-234,-84,46,9,-42,-443,-161,-50,-4,9,9,-261,678,158,-78,-34,10,-376,-229,76,-70,-18,39,-987,-305,-345,80,-72,-205,-618,-793,-156,77,-57,-155,91,433,-82,53,-33,-135,1668,982,204,-85,45,132,429,-812,171,-25,3,46,233,503,-31,0,1,9,-145,-369,-70,21,17,38,170,1,93,-31,-6,20,68,-187,17,-3,0,0,36,117,-22,UP
-13,-3,5,-7,-15,-26,3,-2,-3,-16,20,-23,6,1,-1,-44,1,-11,6,-1,-8,33,9,27,-8,-2,2,43,-28,5,0,0,6,29,24,-2,-2,2,4,-44,-16,-38,0,-1,-7,-67,10,-29,-2,-5,-41,-80,-47,-164,43,-16,-115,299,-314,-248,98,-16,-92,1004,-590,565,-28,2,35,1653,-382,886,-153,-3,203,695,898,165,-20,54,141,-336,570,-394,54,99,166,-1704,1313,-125,-55,19,27,-1252,-1450,-378,85,16,-45,-744,-119,-334,-16,6,-22,-643,497,169,-59,-30,-49,-434,-471,-127,-9,-31,-51,-347,-147,-308,71,-48,-135,-746,87,-1,-46,-67,-126,730,106,-198,101,2,-60,562,654,121,-27,3,13,635,-12,200,20,11,15,604,-11,178,-36,16,86,-53,-353,-120,-11,-19,4,296,-259,235,-26,14,53,-122,-59,-55,-4,-11,-4,27,-6,-19,14,-1,-3,19,74,3,UP
-4,2,1,25,5,0,6,-2,-7,-18,-26,9,-7,1,5,25,4,-21,4,1,0,24,31,61,-4,0,4,-45,-6,-53,1,5,2,-2,-12,-14,-11,4,-31,-332,90,-207,67,-43,-221,559,-391,-209,56,16,-4,802,-473,266,-77,-38,86,1516,11,599,-73,32,161,330,141,-27,10,21,70,220,186,76,32,61,146,-203,1141,-151,2,67,88,-1509,290,-220,13,36,36,-1686,-320,167,-2,17,-39,-1046,-787,-138,-9,-24,-90,-842,-544,70,-4,-38,-109,-251,-86,-141,33,-37,-117,451,682,-39,-98,-53,31,553,555,-369,68,-20,-108,195,-1009,59,12,15,21,256,1171,119,27,-29,-59,96,-108,73,-12,22,42,343,-172,34,-1,-14,28,439,-163,56,-37,-2,40,73,-159,27,-4,-2,9,51,2,-16,6,7,9,19,-15,-3,-5,-2,2,44,-40,18,-8,-3,6,22,34,1,UP
4,3,7,-66,7,10,-8,-7,-5,41,-99,-7,5,-1,1,24,103,19,6,3,-5,16,-20,1,-20,1,13,36,-45,-18,6,3,-17,-158,-3,-121,42,5,-144,-559,-463,-402,63,-68,-95,1428,-271,397,-40,24,58,1408,-696,366,-40,3,140,998,321,374,7,51,143,-18,743,77,-19,20,107,-374,988,-129,-28,74,85,-1452,188,-240,29,18,-8,-1555,-564,-100,4,19,-27,-555,145,-397,20,24,-39,-652,-208,243,-19,-15,-52,-469,-429,-195,-21,-65,-64,-179,424,-172,-1,-38,-90,-110,210,252,51,-38,-92,151,-225,-190,46,-21,-76,671,752,123,-68,-17,21,695,-951,-11,3,16,76,476,168,51,23,-11,7,-133,-153,0,-8,8,28,176,13,96,-13,-1,19,265,102,86,-26,-1,24,6,6,-59,10,3,-2,-91,11,-26,3,-3,-6,17,-22,-3,10,5,-3,10,100,-15,UP
9,-3,-9,-18,25,-7,-11,1,8,9,-32,10,10,3,-1,-16,53,-19,1,-2,-5,0,-62,24,-10,3,6,35,44,-6,2,-3,-2,-85,-41,-23,-3,2,-14,-40,-42,-64,-45,-30,-85,297,-450,-643,150,15,-131,292,-578,-121,104,-13,-22,1309,-212,1080,-156,-8,133,1459,452,752,-84,-16,168,676,895,102,0,86,220,-931,1329,-374,-27,68,43,-1990,-924,-474,77,41,-34,-437,-444,-485,34,45,6,-1034,9,25,-40,-5,-38,-959,124,195,6,-9,-50,-764,-491,27,-26,-72,-62,-276,644,-33,-2,-61,-102,246,-408,-135,-11,-33,-113,206,127,20,85,11,-82,261,819,57,43,-20,3,685,-299,0,-155,-20,95,301,-313,-135,125,1,-32,246,245,294,-108,4,96,343,-504,173,69,0,-36,150,-75,-231,-27,-3,25,24,354,7,-3,6,4,166,-212,71,-12,8,12,-109,6,-54,UP
-3,4,6,-9,8,-23,9,-2,-4,6,16,4,-4,-5,-3,16,-44,13,-7,5,5,7,29,7,1,5,3,-40,-11,-30,-5,-3,-17,-175,-37,-105,19,-16,-96,-125,-500,-454,88,-67,-144,798,90,275,-9,3,0,1860,-552,614,-106,20,172,1274,11,405,-4,39,155,436,700,53,3,77,202,-741,1389,-334,-6,95,60,-2639,-337,-247,39,14,-78,-666,-523,-438,60,27,-5,-636,-595,380,-30,-13,-31,-746,501,-3,-64,-36,-21,-412,21,178,11,-19,-73,-516,-895,11,-31,-60,-59,-576,599,-515,75,-86,-181,625,351,53,-67,2,-15,835,11,-51,108,-2,-91,738,-557,1,-37,28,99,450,1213,99,-4,2,44,224,-672,229,-35,8,61,5,-262,-133,18,-7,-14,39,195,35,-21,4,31,11,-203,-24,-1,-7,-4,-66,-24,1,17,6,4,-36,93,20,-7,-5,1,41,-26,48,UP
2,4,3,-18,-34,-1,-2,-6,-9,46,25,59,5,4,4,-18,70,-21,-9,-1,8,22,-92,-35,7,-1,-6,-49,69,11,1,2,2,10,-48,-2,-3,1,-8,-90,19,-9,10,0,-59,28,-267,-37,28,-17,-111,157,-579,-33,76,-9,-76,1278,500,385,-87,1,113,1368,-449,237,35,2,40,842,377,304,-91,46,207,56,618,-269,-1,56,116,-1176,493,-350,12,86,100,-1771,-9,-200,55,11,-47,-1072,128,-355,7,17,-18,-548,-666,301,0,-10,-55,-455,-464,134,-61,-44,8,-255,555,119,-6,-45,-72,-553,-758,-230,48,-53,-111,-847,448,-126,-17,-46,-85,344,600,-194,-22,-61,-117,1193,56,197,26,34,7,227,-585,61,9,-12,30,993,209,-15,0,27,59,167,-74,124,-21,-6,41,326,-14,97,-7,8,41,-3,-261,-62,12,4,-2,-73,138,-12,-7,2,3,-166,52,-6,UP
-3,3,3,30,5,-8,5,0,-1,-29,22,-7,-5,1,0,17,-48,8,-4,-4,-2,-13,19,-6,5,1,0,26,-8,-8,2,3,-4,-56,-34,-20,-2,7,-47,-165,-199,-185,43,-36,-152,241,-524,-7,63,-22,-49,1092,-322,459,-28,-8,38,1865,103,535,-80,10,209,982,555,197,-53,51,195,-351,728,-335,38,114,121,-1933,-163,-379,22,21,-33,-1392,119,-439,47,35,-18,-758,-172,-61,23,36,-3,-720,37,145,-34,-48,-49,-738,-255,238,-57,-63,-51,-297,-160,-345,42,-48,-111,-402,275,-229,-2,-62,-110,-149,237,-149,56,-21,-103,1060,285,145,0,1,40,391,83,134,-19,-14,13,846,-272,168,-10,14,54,266,-71,105,-26,4,42,154,-18,43,1,2,6,50,-52,50,-20,-6,11,97,-12,20,6,4,3,14,-63,-35,-5,12,12,-59,44,-30,1,-2,-3,-95,-176,4,UP
-4,-2,2,10,-34,-1,1,1,-3,-8,-3,-10,0,4,6,9,-5,-7,-1,-9,-5,13,-16,8,6,5,1,-25,38,-1,-5,1,0,6,-37,-4,8,1,-64,-153,-12,-130,30,-30,-187,627,-405,-13,110,-47,-7,1640,-422,564,-124,-9,72,1755,585,439,-96,44,278,456,197,-130,-26,112,183,-1495,613,-580,81,48,-3,-1867,-385,-252,25,61,30,-862,-128,-254,57,17,-51,-703,-265,90,-18,17,0,-835,478,78,-22,-41,-24,-693,42,324,-68,-65,-96,-1095,-1112,-373,42,-96,-142,200,440,-253,54,-61,-121,546,509,-52,29,-18,-46,1007,248,176,-31,5,38,960,-85,228,13,26,55,218,139,49,-25,5,32,421,-265,108,-8,20,41,114,14,41,-20,13,21,-126,27,-22,10,-3,-6,-86,-98,7,-16,-7,1,4,43,15,-6,2,3,-12,-51,-57,11,-2,-9,-18,-28,1,UP
6,4,-5,40,16,2,3,-3,0,13,-2,-5,-2,3,3,45,-3,33,-8,-5,8,-48,-28,-18,7,1,-8,-39,21,-16,0,-3,-18,-26,-57,-29,57,-40,-212,81,-163,-94,22,-62,-29,1773,-574,352,-31,38,86,1836,814,388,-89,80,283,5,557,-162,-25,72,131,-1680,-328,-145,16,29,-21,-777,-641,-351,65,68,-4,-444,352,-100,3,23,8,-1000,314,20,-11,6,-1,-916,-196,-30,-37,-42,-19,-637,-203,93,19,-81,-90,-1088,-694,-352,23,-76,-128,-21,411,-60,48,-69,-155,721,-2,9,39,-3,-16,1149,722,86,-47,32,83,680,59,143,15,3,21,110,-157,96,-30,9,37,290,134,31,-29,14,44,314,-211,181,-2,12,32,-170,-334,-65,31,-11,-44,-191,197,-3,-16,-3,4,91,61,27,-7,8,5,-18,33,66,-5,-1,0,49,-63,-28,2,4,9,-41,27,-21,UP
-1,5,1,21,61,-4,9,1,-6,-64,-59,-8,0,-2,-3,51,-64,-8,0,-2,-3,38,71,36,-4,3,6,-26,-23,-26,5,2,-14,-69,-31,-74,29,-29,-147,149,-123,-102,83,-61,-98,1167,-830,376,-9,-31,0,1985,689,694,-174,27,282,1029,327,-5,-8,100,190,-810,803,-380,21,129,157,-1866,-23,-599,43,28,-44,-1461,-1588,-262,88,42,-63,-657,1506,-9,-27,19,-13,-1110,646,346,-92,-59,-75,-437,-1641,276,24,-7,-60,144,-618,81,27,-71,-105,-277,553,-103,-31,-90,-89,-74,-124,-282,66,-15,-74,958,793,-135,-43,-13,-6,530,-415,80,53,27,29,426,546,-62,-42,17,77,253,5,90,-8,3,33,6,-498,1,9,0,-3,44,199,49,-13,-3,5,148,-53,50,-18,6,22,-59,-15,-20,3,-4,-9,-5,-93,24,0,4,9,-33,44,-26,-2,-2,2,-105,-1,24,UP
11,2,0,-75,27,11,-9,0,1,41,-17,-8,-1,-1,-2,-38,25,10,0,-4,-6,1,-39,-33,1,3,-14,-17,32,-26,-15,-10,-76,2,-467,-249,116,-90,-161,389,-529,-15,13,-33,0,3101,183,963,-115,35,206,1148,715,312,-40,72,321,-401,1549,-274,-1,127,96,-3023,-1327,-294,60,19,-65,-597,361,-709,22,53,-3,-660,-486,125,-25,44,5,-1039,95,-220,22,-23,-32,-1614,-205,709,-74,-153,-172,-1101,-804,-417,37,-106,-219,1092,142,-75,50,42,-46,991,1061,-91,22,-12,-8,752,119,351,-65,2,63,787,-210,-95,61,30,14,121,105,26,-38,5,47,86,36,69,-9,0,20,128,-161,-14,-20,12,29,-61,-137,-6,5,-2,0,-14,-9,19,-7,-1,9,-83,-55,-20,-6,-8,-18,56,-55,26,8,9,10,-24,109,-75,8,-4,-11,90,-61,16,-7,4,8,-13,19,-29,UP
-3,-2,3,33,-62,-5,4,1,-1,25,24,8,9,5,13,36,49,47,-6,2,35,-100,117,40,-30,-3,88,-34,386,98,-79,-28,120,-892,312,-364,68,-84,26,-2342,1207,-13,-91,-229,-320,-220,-4551,-7,225,74,-208,2534,1771,693,-88,50,141,384,2008,-60,-85,53,55,1297,-1164,-433,72,15,2,-365,-603,113,-4,-19,-54,233,-128,27,17,-40,-49,1126,484,65,17,35,95,814,415,-14,-50,55,119,65,-66,-65,-25,65,97,-493,-260,-114,29,51,-4,-851,229,-110,-12,46,-18,-769,-222,-20,11,3,-67,-530,-254,197,10,10,-35,-153,217,-51,0,0,-32,-44,47,10,1,-1,3,145,24,-77,4,-9,-8,-44,-70,17,1,-3,0,124,41,-17,-2,3,15,22,41,33,2,-2,-2,-10,29,-25,-1,2,4,-50,-54,30,-5,-5,-14,-24,-76,1,2,1,6,63,100,-60,DOWN
8,0,-6,29,33,43,-2,-2,3,18,19,-3,-11,0,11,-60,-37,-4,12,0,-11,-51,25,-2,1,-2,-6,55,-24,14,-4,3,2,-1,-29,3,6,-9,4,108,124,47,-8,-4,59,-113,153,28,-4,0,97,-350,353,10,-50,-15,207,-1547,883,-269,-142,-221,-143,-3284,-1122,1768,267,-69,-381,2481,-1176,-1392,-97,-9,-46,1678,1627,-422,-110,11,80,1124,-727,250,66,102,64,1260,-857,-121,37,23,20,-972,544,36,-35,-23,-40,289,-607,-130,43,-12,-68,626,296,103,25,24,46,777,333,-123,1,34,87,308,205,132,-2,53,76,-56,-234,-85,-17,57,55,-631,199,-17,-5,38,13,-513,-378,47,17,42,33,-832,448,62,-11,-28,-86,-390,-395,-9,19,24,-9,-276,291,10,18,-15,-55,0,124,-19,-2,18,-7,83,86,65,-13,-4,-17,66,-97,26,12,-3,-1,65,36,16,DOWN
1,-1,-2,23,-16,-5,-2,1,6,-49,-32,32,3,-2,-6,25,39,-17,-4,2,2,4,-38,24,-1,-1,1,-2,39,19,-7,0,-1,-44,-69,8,16,0,-5,47,68,-33,-6,-2,15,26,31,43,-13,-10,61,-47,318,-8,-51,-17,148,-470,793,-188,33,-22,103,-2302,672,352,-98,-165,-246,-924,-3165,228,179,-17,-299,2217,1040,-327,-93,-8,28,1008,1360,-69,-32,36,82,829,-1136,-87,62,49,41,-382,248,-115,23,1,-38,121,-261,62,-38,-46,-70,959,-461,32,21,-2,-34,876,312,247,-24,21,109,1016,254,92,-21,55,185,299,312,-34,-21,76,108,-990,-277,-143,-12,72,47,-1574,-113,-120,39,-6,-91,-692,-558,-214,25,23,-74,-262,198,61,18,6,-50,-11,309,243,-21,4,-19,132,162,4,-1,3,-1,57,-42,-55,1,-5,7,62,-9,-98,13,2,3,-116,-19,44,DOWN
11,-3,-8,-31,-2,36,-6,3,2,-27,5,17,-8,-1,-8,-16,-49,-31,8,-5,-3,81,23,-7,-5,6,9,4,1,6,-3,3,6,-42,-11,-11,0,-8,-9,-29,-47,5,8,-2,-2,35,76,-32,2,5,5,20,-31,36,-5,-6,14,-56,51,0,6,0,4,-82,6,16,-5,-4,15,-136,54,36,5,-4,-47,-77,-117,17,-8,-2,-35,105,-50,-43,0,-3,3,337,79,28,-6,-2,34,54,-43,-41,5,4,18,1,53,-50,2,-1,1,-142,-107,23,2,-1,32,33,392,44,-153,-49,398,-1749,-981,-162,53,-133,-11,-2655,1838,-848,-10,-246,-588,-857,-959,1884,184,87,-101,4280,160,-1074,-115,47,73,457,157,122,46,29,19,1036,-1338,-284,-30,-29,-9,597,560,414,15,21,24,1033,-173,59,-36,40,99,653,192,-8,26,71,103,142,129,-1,-11,58,54,-519,-360,136,DOWN
-2,-9,-7,31,-121,23,2,-10,-3,50,44,-32,-6,6,17,44,1,-11,10,-4,-9,-32,1,10,-4,7,11,2,38,11,5,-1,-10,-33,-35,-5,-7,-4,-7,51,-14,-16,3,0,3,22,22,6,2,-8,20,8,50,24,-2,-7,50,-140,234,-1,-17,-21,100,-428,747,48,-1,-28,124,-1323,-36,137,-69,-147,94,-2787,-521,597,40,-333,-562,432,-2685,-418,143,212,-85,2972,2541,-197,-148,66,87,1489,411,-56,18,37,85,118,-927,-267,53,-5,-72,194,-375,-4,-11,-63,-100,1204,-149,108,8,-3,58,1412,677,433,-38,53,219,702,287,-175,-32,110,165,-962,-196,-301,18,66,46,-1177,-123,-156,25,60,-21,-1461,116,155,-22,-1,-90,-467,-505,-100,43,20,-80,-190,304,59,14,7,-43,215,188,147,-26,14,13,-50,10,-18,8,-3,-9,68,1,-39,-5,-12,10,-61,-60,-38,DOWN
0,0,3,-55,62,-1,0,-1,-7,5,-36,-22,2,-2,-6,59,13,-12,1,3,8,10,26,17,3,2,2,-29,-27,0,-5,-3,-2,-39,-33,-2,5,-9,11,110,209,59,2,-9,72,-129,452,123,-68,-25,272,-1455,808,31,-109,-178,118,-3177,-1977,106,225,-188,-545,-449,14,-104,8,-7,-193,3763,164,-178,-79,112,50,1349,947,75,1,1,19,313,-660,-115,31,33,24,401,-379,-28,8,-50,-71,1255,46,40,-20,36,84,917,294,311,-15,26,139,1022,-82,129,-41,99,199,-506,590,-217,6,88,82,-1422,269,-396,-7,78,-6,-1851,-392,141,10,-19,-132,-423,-840,-225,56,50,-72,-460,471,250,-8,-21,-83,376,46,44,-20,11,24,-70,195,-82,-3,-37,-26,143,-324,62,17,5,18,79,120,-48,0,-11,6,137,134,8,0,6,7,-48,-118,12,0,-5,-7,45,-12,12,DOWN
2,4,0,-38,-9,-16,2,-4,-5,85,13,30,-5,2,14,-61,-15,-30,11,-1,-12,58,0,33,-10,-3,2,-19,-65,11,2,6,11,0,134,-37,11,-5,-3,64,44,62,5,-5,47,-85,382,137,-22,-22,138,-248,1192,201,-64,-13,147,-1844,-968,319,-23,-156,-85,-1167,-208,-7,-40,-137,-253,-748,-713,177,65,-30,-258,2371,-1133,-1044,71,105,0,1766,2687,351,-101,44,171,170,-1468,-280,67,-3,-56,60,-751,45,0,-65,-114,1382,-62,-164,17,31,102,1248,562,340,-9,53,206,511,372,94,-57,85,154,-790,-29,-289,40,85,42,-1530,109,-15,-13,18,-66,-1129,-326,-145,34,17,-70,-516,-254,3,28,-1,-122,-87,139,51,15,23,-5,422,529,153,-25,-6,4,45,-108,-66,-1,-4,18,62,19,57,-1,-15,-9,-68,-111,-37,8,4,8,90,64,-2,6,1,-1,-65,-56,93,DOWN
8,-5,-15,34,38,32,-4,10,15,-40,-30,-18,-1,-8,-10,35,40,20,-1,2,8,-42,-29,0,1,0,0,-21,17,-16,2,-4,10,2,99,33,-3,-19,95,-82,633,65,-72,-33,158,-689,207,-70,81,-24,15,-2105,-547,739,-119,-158,-235,-675,-341,-303,24,-63,-242,1486,-712,-138,102,20,-66,1043,256,-503,-2,80,84,804,997,202,-18,-11,57,536,-1067,-15,-24,-31,-56,421,-250,42,31,-36,-85,1520,184,-123,-11,62,221,1091,658,379,-45,55,145,-411,-134,-88,-1,78,77,-937,-36,-365,9,46,4,-988,317,-31,2,35,-42,-828,-448,-15,51,19,-84,-214,-12,18,11,24,-33,-258,138,165,-7,-5,-36,108,60,-6,-19,-10,2,104,-12,19,2,-7,0,48,7,-32,5,1,15,7,37,12,-1,-4,-2,-62,-94,-28,-2,-2,0,31,11,33,8,0,-8,45,44,34,DOWN
-2,0,5,33,52,5,2,0,1,-34,-46,-10,-1,-1,4,-2,12,2,1,3,4,-48,-34,9,-4,-5,-15,-29,-1,5,9,-3,-3,74,86,42,10,-8,50,14,316,99,31,-29,101,-201,1223,521,-146,10,261,-1619,-1012,245,-19,-167,-88,-2696,-777,-25,90,-241,-367,-442,-1439,-139,66,-26,-212,3698,561,-599,-31,168,60,1264,2554,-7,-52,58,115,527,-1293,-108,43,8,-6,-192,-618,-156,-14,-44,-92,584,-330,-98,53,0,-32,1225,466,278,-28,29,174,1198,559,153,-64,86,162,-609,-212,-137,-1,78,55,-1135,-138,-148,27,25,-33,-847,-77,-13,5,31,-37,-667,34,2,6,-1,-64,-178,-163,-89,17,14,-25,62,363,61,-2,1,-15,-55,-77,13,6,6,-3,61,141,48,0,-2,-4,-26,-86,-1,-4,1,6,-1,-19,8,3,-6,-9,29,-31,2,-2,5,14,41,48,45,DOWN
-2,-4,-1,-33,-41,-12,4,2,-6,33,13,7,-4,2,4,-13,-18,20,1,0,6,32,26,-35,1,2,0,-51,-18,17,-1,-3,-6,5,-46,2,7,-7,4,68,162,53,7,-13,101,-184,606,101,-56,-46,146,-475,1066,113,-21,-21,175,-2676,-1865,465,-60,-266,-216,-2002,528,-1018,122,-173,-468,2997,-1880,332,-27,224,0,2451,2649,164,-56,137,171,704,-1617,-410,33,-45,-36,-1019,-17,-65,51,-18,-91,1483,-1015,27,3,-10,28,895,1055,217,3,20,140,952,-95,129,-45,56,157,-308,482,52,5,63,75,-754,18,32,-14,77,45,-1270,336,-79,14,19,-65,-752,-502,-256,30,36,-79,-367,-175,3,11,1,-69,-100,344,163,2,-3,-39,229,-2,-79,-8,11,27,48,119,20,-4,-19,5,-15,-29,-37,2,8,-3,-83,-106,18,-5,-13,-10,84,-10,-1,10,-1,-1,43,-25,5,DOWN
1,-2,-9,3,-25,9,0,1,0,46,5,-3,2,-2,-1,-25,-16,2,1,-1,-2,49,55,0,-1,2,9,13,-30,28,-1,-4,1,-48,25,-15,11,-5,13,36,177,87,7,-27,117,-6,944,259,-172,-34,275,-1233,-700,-200,147,-113,-92,-3461,-52,408,-65,-226,-459,333,-1016,-248,46,17,-123,3411,815,-59,-50,106,80,860,115,32,7,31,71,779,-317,-296,48,37,12,-850,-164,-127,17,-51,-132,1141,-846,-52,8,1,0,1327,767,159,-15,40,162,983,230,214,-29,57,147,82,-19,-19,-29,67,130,-926,446,-93,-15,87,64,-1906,-66,-181,4,-13,-110,-820,-973,-189,87,32,-109,-335,386,57,4,11,-59,212,229,198,-6,6,-16,201,19,114,-21,-8,6,112,66,-74,-6,-3,20,-6,-81,10,13,-6,-5,1,-32,-47,0,1,7,55,51,31,-7,-2,5,-50,-47,12,DOWN
-9,0,7,-66,-102,17,2,3,7,-7,156,-9,9,-1,-9,-25,-43,34,-3,-1,-6,-10,-54,4,-1,1,-2,11,44,8,7,1,-4,50,-39,55,9,-29,59,83,335,94,-64,-46,252,-1084,55,119,16,-52,113,-2774,-128,71,-45,-169,-355,-1357,-105,187,22,-115,-324,3080,-146,-295,30,124,28,1694,1207,-265,-40,39,85,310,-1362,-149,66,28,2,351,-32,34,-36,-72,-69,815,-941,-124,34,7,24,1364,888,218,-34,60,186,526,142,35,-7,52,103,-172,91,-126,2,72,80,-749,100,-100,11,63,26,-1380,23,97,19,10,-82,-719,-353,-79,17,28,-59,-460,-101,119,11,0,-72,150,322,83,-14,5,-12,163,19,16,-8,-7,6,127,31,7,-2,-10,3,49,-16,-25,-6,6,23,-90,-50,-6,8,-7,-5,-4,36,-27,6,1,-11,-8,-63,18,-9,6,13,94,36,7,DOWN
-6,5,9,12,-13,-15,1,-4,0,21,16,-9,5,1,6,-36,39,32,-2,-1,11,-58,1,0,-7,-5,-6,-109,-25,39,10,-5,-12,-2,110,10,20,-37,86,279,810,180,-226,-103,393,-533,-1462,170,160,-32,-137,-4208,1314,-220,-19,-221,-526,499,-1029,542,46,71,-76,3585,790,-409,-63,90,0,344,951,190,29,151,257,719,-1712,-654,-53,-117,-104,-914,-105,-303,125,8,-153,1427,-1198,123,-37,-47,0,1379,1197,194,31,34,227,1226,286,331,-92,47,227,-551,672,-87,9,107,88,-1858,-387,-98,11,9,-85,-1121,-514,-111,26,33,-111,-461,-252,-74,31,26,-67,-118,254,96,-2,5,-39,260,213,102,-27,9,9,-26,32,-14,15,-16,-11,137,-56,-63,-1,-7,18,74,25,20,-3,-8,5,29,36,-23,7,3,1,-77,-7,29,-2,-4,-7,71,47,-15,-3,8,2,15,26,2,DOWN
-4,7,14,0,-42,-14,6,7,4,-97,-35,48,3,-2,-6,-28,3,26,-5,5,3,-42,21,33,-27,5,-3,-16,-124,-46,-30,8,-19,61,109,-98,-176,2,-27,211,-204,-194,-97,-118,-67,464,472,-1764,96,-101,64,8,749,-1804,237,-78,53,-72,-436,-951,207,83,7,-215,-68,744,43,81,-7,-16,-151,1652,2,42,41,238,-608,1606,-24,13,22,-626,534,1569,-39,-11,-18,-453,-572,1116,-37,-43,-34,-282,-236,1252,-67,-33,-21,6,-197,538,-184,-30,-24,-284,222,118,-88,44,-45,299,714,-1256,-52,29,26,584,-129,-1379,126,87,32,-1,646,-844,24,5,9,59,-533,-186,35,-1,-9,126,51,-80,-2,-4,16,22,-40,-139,22,-7,-7,-34,-221,10,3,-13,2,-42,50,67,-5,1,7,86,32,-93,-1,-2,0,-17,-53,24,8,4,-4,-3,-10,-13,-1,4,2,-20,-7,36,LEFT
-2,3,7,2,-57,12,-3,-4,-3,15,9,-8,4,0,-2,-36,22,3,-2,-1,-5,7,-78,19,0,2,7,-19,95,-15,0,4,-3,13,-51,-18,-44,22,-17,-7,-15,-6,-200,-10,-64,364,-176,-265,-165,-125,39,436,392,-2361,239,-87,40,-573,341,-2426,282,-43,-19,502,-657,266,169,79,22,235,68,1235,-42,78,72,-182,-238,1637,33,72,19,-890,655,2021,-43,-7,-3,5,-363,911,-54,-20,-22,-592,-26,894,-22,-32,-62,-232,-159,963,-56,-17,-3,-175,244,717,-106,-22,-55,510,-720,-52,-114,-7,5,8,655,-679,-46,44,5,195,208,-1145,49,44,8,200,235,-1152,56,27,17,146,-181,-439,41,8,10,47,39,-170,25,-4,1,73,-182,28,-1,-10,10,-17,4,-73,14,0,0,-58,-66,13,3,1,-2,25,12,58,-6,2,-1,-20,0,53,-2,-5,-8,55,4,-8,LEFT
-4,-6,-11,34,12,-14,7,2,-3,46,27,3,-2,-1,-1,-10,-34,24,2,5,9,56,79,-28,-3,4,10,-93,-94,37,-9,-5,-13,-17,27,-32,-83,16,-47,11,-107,5,-218,-71,-78,810,-258,-641,-104,-169,24,581,501,-2553,396,9,181,-757,1327,-2702,306,103,-35,-1148,-986,1689,12,3,-44,916,-1786,1811,-64,53,20,-405,1394,2038,-27,0,10,153,-111,1133,-33,15,31,-403,170,986,-32,-26,-19,-87,-154,939,-60,-10,-7,-289,-169,681,-110,-11,-42,-44,-313,0,-80,41,-14,-299,234,-894,-45,-30,-52,194,112,-1014,54,33,23,611,519,-1010,54,23,14,237,17,-314,22,18,41,74,-94,-129,11,-9,-12,-26,-241,-7,13,2,9,-4,136,-113,4,1,2,-74,-148,41,10,-1,-1,54,63,-29,-8,-7,-4,-62,-164,79,0,4,5,-5,132,-33,-4,-2,-5,2,-120,28,LEFT
-1,3,4,27,1,-9,2,-2,0,-1,-18,33,1,2,1,-39,41,-19,-2,-6,-4,23,-63,16,-1,0,-3,-5,15,-3,-2,4,3,-15,-6,11,-32,22,-17,17,29,-5,-237,-49,-101,523,-495,-361,-91,-67,41,581,1027,-2207,185,-77,75,-323,-379,-2034,246,-58,47,-186,-162,-928,140,81,-4,-379,495,1641,60,82,11,17,-861,1956,-43,27,1,-92,175,1609,-21,7,10,-392,301,1663,-37,-34,-29,-76,-419,937,-26,-4,-2,-477,465,1115,-35,-23,-52,369,-427,195,-226,-26,9,-527,-129,38,-50,50,-52,271,446,-1106,-38,29,31,106,437,-1215,125,40,-11,430,-207,-1038,34,5,26,74,98,-171,22,10,9,200,-375,50,10,-14,11,-136,154,-207,8,-2,-5,78,-142,40,19,7,0,-42,146,21,-14,-4,1,121,-121,3,-5,4,8,-114,-6,42,-2,-8,-8,-4,-59,-55,LEFT
1,-1,-3,-42,3,-13,3,5,3,39,27,2,-1,-8,-8,3,-46,0,-3,3,7,-4,9,2,1,-2,-1,4,18,19,4,3,3,-36,11,-24,-10,7,-1,16,-69,15,-88,46,-47,-108,62,148,-211,-45,-54,589,-480,-682,18,-88,-16,335,1014,-2203,191,-56,121,337,-304,-1110,115,-68,56,-232,-833,-674,146,69,-20,36,706,1469,90,92,18,-342,78,920,2,33,-6,-397,-22,1395,19,36,13,-339,18,1423,-59,-15,6,-334,-118,1118,-80,-76,-29,-230,-453,961,-9,8,-11,-494,684,490,-153,-42,-46,367,-704,163,-63,8,-23,-33,413,-451,-98,-1,-49,311,194,-1056,25,75,51,443,209,-1150,65,32,13,-79,-81,-395,46,16,18,121,-246,-149,2,-28,-13,-12,-48,-172,24,7,10,65,109,-43,17,-8,-2,21,-90,-47,-6,-3,7,28,-51,5,10,10,4,-75,56,11,LEFT
2,6,5,-15,53,-33,4,-3,-5,19,-45,17,-1,-2,-2,62,40,-8,0,5,8,-90,-17,39,-5,-7,-6,48,-8,-27,2,7,5,-34,23,-23,3,-4,-6,41,-38,29,-8,2,8,-33,29,-7,-61,28,-26,-98,-27,83,-286,-117,-109,708,-723,-685,89,2,91,209,1283,-2515,147,-15,14,-199,-658,-638,189,-67,32,186,-187,-431,44,15,39,170,111,720,102,61,11,-341,282,808,28,59,12,-231,-277,1304,73,68,26,-505,147,1614,-60,-33,-7,-336,400,1338,-44,-74,-30,-347,-272,1438,-79,-55,-36,32,-126,612,-134,-26,-35,-15,16,140,-146,7,-24,86,-394,-647,-48,33,-10,64,749,-1179,51,71,1,356,-143,-1150,51,35,22,90,213,-414,17,0,6,247,-286,-110,19,10,27,-101,48,-311,34,-12,-26,6,-136,-53,18,11,12,47,108,30,-11,-8,9,42,-121,2,LEFT
-10,-3,1,95,-79,66,-3,0,2,-37,95,-49,3,3,-1,64,-15,3,-5,0,2,-71,-19,36,3,-3,-5,3,25,-56,-2,5,7,-19,-31,9,-13,5,-11,20,0,0,-150,9,-39,-24,-138,145,-192,-122,-42,628,-571,-1540,141,-42,27,-302,1060,-2073,196,-36,39,484,-689,-502,136,4,71,81,-361,-634,198,86,-11,-67,1052,1579,-69,50,68,126,-766,1261,45,64,-10,-944,148,1654,-6,8,6,-481,795,1319,-70,-88,-41,-247,-617,1140,-8,-37,-17,-58,415,993,19,-9,17,-1013,1054,1827,-285,-67,-80,1686,-2180,-1068,-113,6,-53,-571,544,-1467,-36,38,-33,310,1029,-1606,87,115,95,282,-276,-870,61,22,7,-114,-215,-160,32,-15,-12,252,-238,22,37,5,18,-100,291,-89,-7,-12,-5,25,-398,3,3,-2,-3,3,106,1,5,-2,1,9,-51,13,-1,5,4,66,18,3,LEFT
1,4,-1,-14,21,3,-1,-5,-2,8,-16,18,-2,5,6,2,49,-22,4,-8,-5,-10,-49,-17,6,7,1,-1,5,-7,-25,6,-7,55,-91,23,-191,-46,-82,246,-510,120,-181,-164,-65,1673,-1404,-1650,243,10,155,-821,3865,-2978,134,-18,30,-577,-1376,-905,362,99,-13,159,-199,832,-132,38,29,170,-1007,1969,104,113,40,-568,553,1929,-82,-16,5,-678,533,1269,-72,-12,2,-226,-506,1014,17,-54,-41,-428,538,832,-21,-33,-34,-41,37,1001,-73,-24,-14,199,-158,653,-198,-25,-55,477,-726,-708,-105,43,-15,-337,789,-1130,32,34,-7,429,-168,-1522,116,68,56,-74,473,-608,18,-12,-1,364,-698,14,39,6,20,-8,220,-133,-10,-16,-2,-20,-77,-25,25,5,-2,-9,-34,-77,-1,3,0,-14,77,43,5,-3,0,14,-132,10,-8,0,2,-6,29,25,-1,-4,1,49,-19,20,LEFT
-2,-7,-9,55,-30,-5,3,4,4,-41,25,21,6,-1,2,4,22,-6,-4,0,-4,19,-55,22,1,9,4,-29,73,-16,-58,21,-16,41,-210,32,-270,-86,-101,224,-851,-483,-69,-173,-19,778,857,-2753,324,-41,164,-412,-248,-2624,246,31,61,300,-31,191,82,95,-23,-310,-265,1904,18,70,19,424,-248,2085,-53,51,19,-909,1029,1443,-1,14,0,-148,15,1306,-25,-10,9,-549,469,863,-41,-54,-35,-227,-97,687,-42,-52,-33,-338,368,1421,-96,21,-78,67,-642,-126,-170,-20,-64,51,-437,-907,-42,4,12,704,650,-1325,95,99,52,87,99,-1133,39,12,15,192,-143,-406,29,8,-5,109,-197,9,12,3,22,63,35,-132,4,-11,4,-36,-62,-92,38,16,3,-87,53,-67,-23,-10,-1,7,-240,86,18,-2,-3,-94,125,20,-7,3,0,10,-70,-27,-6,3,-2,40,65,37,LEFT
0,-1,1,31,-23,-12,0,3,4,-45,-21,18,-3,-5,-7,10,-25,-11,-1,4,5,-12,43,-5,2,-3,-4,44,6,6,-15,10,-3,-35,-47,-24,-129,12,-73,77,-154,150,-225,-130,-72,1282,-302,-1768,78,-74,122,48,434,-2263,221,-96,57,168,-573,-1902,341,75,51,-1048,1667,-76,-62,97,-18,582,-2687,3960,123,114,48,-761,1125,1308,-130,-9,-16,-571,967,1009,-38,28,0,-533,-388,1136,47,-59,-36,-132,386,874,-24,-43,-23,-64,176,1238,-164,-52,-17,-223,-663,1206,-90,29,-80,69,-57,-1043,-177,-28,-23,136,629,-1640,83,96,29,686,145,-1495,75,56,32,94,-78,-447,32,0,4,192,-567,-128,26,-10,5,22,152,-91,14,-4,15,8,-90,-107,23,2,3,-88,13,60,0,-10,-2,69,-128,5,-12,-3,0,14,38,30,8,10,2,-76,-14,-7,-2,1,0,8,19,79,LEFT
3,4,4,5,-22,32,-2,2,4,-47,-6,-10,-1,-7,-9,18,-61,14,-5,5,5,0,77,-15,8,-1,-2,11,-19,3,-8,-1,1,-18,-53,20,-78,25,-50,83,72,-52,-268,-66,-68,559,-535,-623,-112,-138,0,705,555,-2958,390,-76,172,-144,37,-2258,272,65,13,-874,-381,767,61,64,-32,953,-1036,2166,28,107,56,-576,1200,1759,-80,17,0,-587,-80,1338,-5,33,4,-486,430,1125,-32,-30,-24,-746,39,1026,-23,-35,-46,161,-222,787,-93,-55,-23,-186,573,762,-74,5,-28,376,-860,-243,-145,21,-29,-332,433,-1014,14,48,-9,303,53,-1486,58,-6,-7,409,-60,-597,50,31,33,385,413,-221,-12,-6,37,211,-587,-167,49,2,1,-193,289,-148,9,2,0,21,-278,-11,-11,0,4,-38,-58,11,15,-1,-11,-43,82,-19,1,6,7,30,18,43,-7,-7,0,-45,-87,5,LEFT
-4,-3,0,-22,-70,1,-2,3,0,-2,55,-26,4,-2,-3,4,-21,4,0,-4,3,12,4,-26,-1,-2,-1,41,-27,27,6,3,2,-27,75,-4,-7,-1,1,11,-83,32,-43,33,-27,-39,62,35,-250,-49,-99,488,-682,-381,-129,-132,-6,787,459,-2289,264,-47,131,-163,399,-2081,251,-34,26,446,-766,-69,209,126,33,144,-201,1362,-26,84,46,-859,473,1742,-47,35,-8,-645,50,1141,3,41,15,-446,339,932,-39,-11,-15,-879,241,954,-12,-92,-51,-7,299,993,0,-39,-39,42,-174,825,-171,-27,-16,35,-421,516,-70,42,-53,71,-253,-699,-86,0,-6,257,480,-875,9,28,4,490,-37,-1010,37,54,43,79,307,-693,43,-2,-2,204,-256,-255,39,21,22,-70,85,-161,-5,-14,-4,131,-232,-63,23,8,4,-176,-13,-81,13,-8,-16,74,-73,105,-8,3,14,-24,-38,32,LEFT
-1,-3,2,7,12,10,4,6,4,22,-20,-14,-10,-5,3,17,-28,-14,10,3,-1,-61,64,-1,-8,0,-2,4,-104,24,1,-4,-5,29,107,-10,-20,17,-3,-29,-44,-6,-177,0,-67,121,-376,10,-243,-145,-36,921,-200,-2158,193,-87,18,96,928,-2334,382,-26,130,813,-722,-500,167,147,39,-663,212,1574,7,82,19,-579,-550,1743,-68,22,6,-580,684,1402,-25,32,10,-470,-80,839,-31,2,-10,-691,517,900,21,-51,-34,-175,-147,780,-25,-71,-51,-96,24,922,-164,-42,-33,72,-635,279,-62,3,-42,-47,587,-167,-128,33,-5,512,267,-1312,-16,38,21,300,2,-1108,90,51,11,355,72,-824,67,7,17,35,-330,-240,48,-8,-1,167,-175,50,0,0,17,-14,-5,127,-1,-10,-1,-13,-196,47,0,7,1,-23,187,-24,-13,-1,0,11,-160,13,2,13,3,-38,175,-17,LEFT
-1,-3,-7,-6,-31,1,-2,2,3,15,23,-15,3,-1,1,7,7,-6,3,1,-1,16,7,-10,1,1,4,0,-18,21,-2,9,3,-58,-37,36,0,-17,-20,39,-25,-6,11,-1,19,146,168,-61,42,1,9,5,1,82,183,-1,-16,-198,380,373,8,-53,-11,274,-843,1571,-13,-21,16,-400,-414,1418,-157,-82,-2,-24,328,437,-188,-56,-41,-70,-643,-811,-98,61,-14,-379,1165,-1206,-26,73,13,892,126,-1423,39,70,50,-221,12,-1098,22,-57,-48,309,-278,-865,110,-1,37,59,353,-1127,80,-33,3,103,48,-663,116,24,1,21,393,248,86,62,11,-511,-287,854,-28,14,-14,81,-212,927,-66,3,-9,-178,-173,923,-50,25,35,114,20,291,-62,-22,-26,-51,-430,182,-9,9,6,-104,384,-71,-4,-5,-14,120,-93,-46,8,9,7,-36,153,-72,-2,-6,-4,88,-90,92,RIGHT
11,9,3,-32,154,-34,-2,-2,-1,-16,-153,45,-3,-5,-9,55,111,-23,-4,0,4,1,-69,-21,1,3,6,-28,38,9,11,-1,-5,0,30,-7,36,-39,13,200,30,87,188,24,-4,-388,-259,648,111,10,6,-127,16,1401,-101,-101,7,-712,409,1621,-54,-53,5,1073,-280,-8,-400,-233,-71,-317,-1379,-20,50,195,31,-537,2451,-834,-139,37,-19,987,-871,-2136,85,122,49,-107,182,-1488,44,-23,-47,-37,-570,-551,62,-18,15,327,355,-866,30,-46,11,-207,-109,-518,142,10,-1,30,193,-360,60,13,3,222,212,146,76,72,26,-257,-65,881,-44,9,-19,-188,-320,1081,-44,29,1,-22,0,612,-63,-12,5,65,-87,291,-37,-1,-14,-133,-85,199,-27,-3,-2,87,-109,2,6,8,-1,2,345,-115,-7,-7,0,99,-137,-60,21,21,17,-84,260,-104,-14,-21,-15,73,-424,109,RIGHT
8,7,3,-11,121,-2,-5,-5,0,13,-137,21,-6,-2,-9,-63,39,-19,-1,-2,-4,81,-4,-15,3,2,7,-6,38,3,2,1,5,-7,-17,-27,15,-9,1,13,14,29,136,-12,-6,-124,28,127,206,45,1,163,71,1413,-62,-41,50,-64,-669,1546,-220,-174,-9,-1253,-180,1277,-98,55,-35,431,608,-1014,-176,-27,-29,79,379,-1549,-30,45,-23,779,-41,-1558,37,57,38,-9,-169,-1069,80,-26,-38,258,-45,-696,63,12,49,18,146,-794,89,-16,-29,157,91,-93,38,42,51,-67,126,91,56,20,-10,-168,131,372,-31,6,7,-177,-332,613,7,17,-20,-100,86,500,-69,-7,10,63,-385,405,1,9,-16,-200,304,411,-40,-13,-4,291,-422,100,-6,9,6,-116,158,-25,-12,2,1,-27,144,-88,23,10,7,-18,55,26,-19,-14,-11,95,-151,-2,-2,3,8,-79,56,-24,RIGHT
-5,5,1,-56,119,2,2,-8,-9,131,-121,-21,2,3,5,-66,16,8,6,2,-1,52,23,4,-3,-3,-2,25,-30,-12,21,-4,8,-46,-2,78,116,-6,-4,-56,113,192,204,27,-7,112,-145,1150,-34,-26,33,119,-448,1769,-404,-247,-48,-625,-849,969,73,162,46,-786,2430,-702,-191,-65,-74,1211,-1320,-1801,-31,56,29,137,967,-1689,6,20,26,37,-894,-1426,132,5,-12,102,213,-729,87,18,33,-406,143,-727,108,-12,-42,89,152,217,42,4,18,-17,-271,637,18,33,10,-38,253,453,-28,11,-11,77,-322,676,-29,12,0,40,-217,526,-52,7,6,-131,178,367,-10,2,-15,156,-144,172,-39,-6,14,-54,-12,76,14,2,-5,80,90,-114,-12,-3,5,-151,74,-10,17,-1,-11,84,13,-41,-10,3,6,14,5,14,5,5,4,-27,1,26,-4,-4,-4,-14,-20,10,RIGHT
-11,-11,-6,-15,-41,-17,10,10,5,-22,69,-6,-2,-6,-3,56,-56,16,-5,1,0,-20,40,-11,10,7,4,-29,-5,-27,0,-1,0,51,13,24,15,-13,-1,-31,38,54,123,-16,-12,-78,-57,138,141,10,-14,249,-84,1128,-1,7,77,-24,-196,1215,-104,-104,-21,-450,159,1192,-260,-123,-33,-23,-1364,-125,-94,14,-35,-671,1737,-865,-92,53,-16,866,6,-1888,64,125,53,173,162,-1446,19,-42,-54,-31,-591,-709,113,2,17,344,318,-1030,25,-27,26,-9,259,-486,179,39,26,-91,-48,-459,31,21,-20,-219,457,879,5,46,20,125,-932,960,-35,4,-35,-322,228,1039,-79,3,37,278,-87,324,-35,5,-15,-215,-144,325,-39,-13,-6,185,-89,-122,7,12,1,-263,271,-75,12,5,-5,167,-93,-67,-7,-3,3,-60,-10,122,1,-1,3,93,85,-82,-2,-1,5,-37,-79,-17,RIGHT
0,-3,-2,3,-78,29,0,1,-2,7,106,-51,2,4,1,11,-66,8,3,3,3,1,49,15,2,0,1,-31,-12,-2,1,-4,-7,5,-22,37,46,-13,1,24,0,3,169,5,-23,3,255,470,57,15,47,296,-595,1434,-60,-54,29,-343,802,1204,-292,-138,-24,223,-1704,-112,-62,-4,-67,-835,910,-515,-103,29,-16,446,632,-1431,36,101,45,526,-26,-1264,30,11,3,-294,-315,-925,68,-20,-11,279,-4,-656,68,6,19,-71,234,-471,58,-11,16,-173,-131,-517,113,34,-19,-79,421,592,3,17,14,102,-443,603,-32,1,-6,45,35,543,-31,12,-4,-149,-81,530,-22,14,11,26,21,287,-38,-10,-8,-130,-213,257,4,7,-8,78,196,22,-13,1,7,-50,-18,64,-9,-1,2,26,7,-35,-2,-13,-11,80,-113,-85,-2,4,-1,-45,175,-23,16,10,9,38,-9,19,RIGHT
-2,5,9,-18,-53,42,-8,-10,-7,3,13,-35,1,1,-3,26,2,-5,3,1,2,-11,8,6,9,3,0,36,16,-37,16,-8,6,17,-27,91,96,-20,6,-159,-94,97,147,23,-17,139,-133,1136,67,23,49,-310,213,1354,-184,-134,36,-405,631,1312,-204,-85,-75,714,-1832,-1134,-137,-38,-15,-953,1237,-466,-45,42,-46,611,199,-1517,19,95,43,519,-46,-1495,67,-8,-36,94,-510,-800,100,34,42,447,524,-755,33,-11,24,-259,-85,-293,94,8,-6,99,199,-80,20,11,33,-302,-93,240,51,46,-28,-193,257,655,-38,23,-2,-211,-541,896,-31,-6,-25,166,-38,484,-50,14,24,-158,80,208,-7,-4,-7,8,-16,96,-23,-12,-10,-15,-156,76,5,4,1,60,174,-69,-3,1,4,34,4,-29,0,2,1,-2,-8,33,-1,4,2,-27,63,10,1,-6,-10,84,-2,39,RIGHT
1,-1,-2,32,-82,49,-3,4,6,1,74,-15,4,2,3,-76,-89,93,-7,-12,-12,64,65,-23,-9,2,6,1,-12,-26,28,-9,-3,19,61,-26,156,-9,-3,-46,2,127,163,17,6,213,-67,1258,-5,-19,58,-596,219,1761,-268,-196,-26,-213,-1045,1571,-79,82,-22,4,494,-1506,-241,-137,-72,-359,580,-1296,36,142,31,1080,116,-1685,13,42,38,66,-318,-1131,118,-5,-40,34,19,-788,-18,-35,30,476,-288,-558,124,27,27,-363,403,-820,33,-7,-4,7,109,379,144,67,-7,-327,58,394,-24,20,-22,-46,-298,911,-46,21,29,196,-51,721,-45,5,-7,-394,-27,384,-49,-15,-14,5,126,334,-10,4,-5,166,-278,10,-47,-22,-5,109,-119,41,33,24,14,-45,322,-68,-10,-8,-1,89,-56,-53,1,7,7,-110,-2,-20,11,-2,-13,14,37,27,-9,-3,-6,38,-27,38,RIGHT
-5,-1,1,32,15,-7,3,7,5,-85,28,-24,3,-4,-7,73,-4,7,-3,2,5,-31,-7,-2,4,-6,-6,0,-4,2,31,-17,16,64,-78,11,222,14,-4,-341,441,443,52,-17,6,570,-874,1579,-2,-15,53,-725,248,1575,-241,-223,-8,-1660,-253,2170,-66,76,-64,1400,1159,-3090,-307,-137,-44,167,-445,-1113,69,147,10,642,10,-1216,46,74,26,-53,-108,-1242,38,-36,-29,614,-379,-863,74,15,48,-158,334,-774,88,0,0,119,73,-423,103,32,13,-220,119,-149,15,2,-8,-181,-136,469,21,53,12,-275,-15,1039,-13,12,-12,176,-161,518,-44,15,-2,-258,-18,746,-25,9,-7,62,-6,369,-68,-8,2,58,-41,113,-12,3,-7,-111,-126,-64,19,8,-10,-31,280,-38,3,1,12,111,-42,2,-20,-14,0,-34,-72,-5,15,2,1,33,132,-93,-2,-2,0,45,-94,62,RIGHT
15,7,1,-57,37,-49,-1,-6,-6,77,-82,24,6,7,7,-46,116,36,-7,-4,-2,23,-51,11,-1,-2,-4,13,24,-38,17,2,1,-5,35,29,105,-24,-2,58,130,14,291,32,-9,117,367,1622,-129,-53,100,119,-668,1587,-203,-161,-38,-1290,-1308,1369,74,43,7,-397,2105,-678,-284,-162,-108,1256,-1036,-1435,-129,74,55,-909,1638,-751,-2,103,-30,1368,-1699,-1777,75,60,0,-248,336,-927,44,-50,-17,668,-435,-763,69,-1,50,169,285,-850,107,9,30,-131,248,-643,45,-8,-2,-280,-130,-37,120,90,-10,-109,844,681,-7,31,11,-153,-942,834,-34,15,-31,-352,115,1139,-34,17,-1,75,97,394,-106,-8,7,66,-217,337,-4,10,-7,-34,148,-43,-28,-19,-11,63,-200,-53,21,22,10,-129,374,-44,-2,-14,-10,124,-249,57,-11,3,11,-111,149,-46,11,3,-5,47,-13,-37,RIGHT
1,-2,-4,7,1,8,2,1,1,30,41,-26,1,-1,0,8,-42,31,-5,-1,1,0,23,-26,5,2,-2,2,-2,-2,2,4,6,-45,-1,3,21,-14,-4,49,31,51,110,-3,-8,-139,194,177,132,8,10,235,169,1029,-2,-16,50,-9,-689,1315,-71,-87,13,-646,578,1130,-236,-127,-52,337,-1424,-243,-137,-57,-29,-1136,1416,-251,-48,107,-10,717,486,-1891,-34,56,-3,655,-695,-1390,54,22,-14,255,-537,-945,82,-11,32,403,320,-994,54,-20,14,-24,-291,-832,131,34,9,-59,662,-148,63,15,21,-89,-209,-28,48,53,-7,-350,672,972,-14,25,0,-42,-1041,943,-70,-3,-13,-135,111,689,-13,12,-6,-245,373,280,-62,-11,-12,168,-320,255,-14,7,7,-56,181,-45,-11,-5,-12,127,-83,7,11,8,10,-21,152,-94,-2,-4,0,34,-124,37,5,2,0,-68,81,14,RIGHT
5,-4,-5,9,55,7,-8,2,7,22,-27,-27,4,-1,-4,-26,18,-1,1,4,3,33,7,-19,-1,0,1,10,7,12,1,-6,-4,-16,-17,-12,53,-19,8,22,-2,81,144,3,-3,-85,-133,462,143,28,21,-135,622,1296,-99,-64,46,-70,-374,1444,-191,-160,-29,-507,-767,1150,-20,33,5,-641,1586,-926,-245,-63,-77,1226,-1025,-1501,-43,50,4,-321,937,-1228,-10,47,-1,1028,-1215,-1488,89,9,-3,-28,-5,-1216,97,-4,18,388,273,-698,101,10,44,-138,-115,-501,85,35,-1,-132,437,89,78,35,-4,-304,-72,703,-8,39,-1,-104,-83,780,-24,27,-22,-331,-238,856,-69,-10,-4,290,65,408,-34,27,17,-182,187,270,-41,-15,-13,-46,-297,143,-1,8,3,-32,285,-65,-20,-19,-16,50,-273,5,9,9,2,11,279,-36,8,-1,3,99,-44,-35,-13,-6,1,-29,-138,39,RIGHT
-3,-9,-5,37,-68,24,2,6,5,-57,81,-16,1,-1,-1,55,2,16,-8,-7,2,-29,-37,-19,15,6,-2,-50,68,-17,49,-14,-1,27,-20,103,164,20,0,-94,452,361,43,0,32,85,-351,1401,-14,-59,26,-388,-57,1416,-145,-134,10,-592,-540,1360,-33,6,2,47,863,-1201,-293,-152,-91,434,-102,-1565,-61,107,-11,44,145,-1116,73,104,22,706,-454,-1289,44,-20,-40,-10,-439,-626,43,-14,31,574,-25,-910,85,5,16,-153,81,-519,86,0,13,272,103,-267,81,55,21,-167,133,240,51,53,-1,-310,184,585,-16,46,4,-60,141,671,-56,13,5,-264,-420,808,-40,-4,-23,-156,98,493,-36,-4,-9,-56,-8,59,-26,-8,-12,-3,78,116,12,12,3,33,75,-12,-27,-14,-3,55,-126,26,19,9,3,-12,196,-20,-10,-8,1,53,-88,-8,0,2,2,-59,-16,-41,RIGHT
-2,1,3,-7,-15,4,3,1,-2,-50,-10,0,-1,1,-1,-2,-15,20,-33,2,6,32,-319,-115,10,-1,-38,-316,-1056,-426,-39,-14,257,21,-5551,279,516,-88,-95,-3654,1342,1589,-171,57,24,3584,1596,-382,-47,17,90,739,1824,-249,-13,-12,25,186,1957,-529,56,10,-31,-109,2475,-717,-25,-44,0,929,2699,-614,65,41,-32,-423,-432,1923,-60,25,-37,54,-178,-255,-279,-57,-57,-171,-1901,410,56,99,-57,-1152,-1039,-619,-87,-47,-77,47,-872,-389,88,26,-15,194,-203,99,-32,-13,28,315,-232,-148,6,10,10,-151,137,6,2,6,14,-86,-278,-27,10,-10,-22,-35,-7,86,-9,3,8,77,116,12,-6,-6,0,-24,-78,79,18,14,4,-46,63,-61,-3,-7,-6,-40,-67,20,2,-4,-3,69,62,20,-11,1,9,43,33,-8,7,2,1,-59,22,-29,-4,3,0,2,-69,-14,IN
4,-1,1,-56,54,-17,6,5,4,13,-51,4,-7,-7,-1,15,-5,-2,3,-2,-1,-22,47,17,4,6,2,-16,11,-26,3,-2,-5,-2,-23,-6,-7,3,5,72,-32,2,-19,-1,7,-36,-261,-70,9,4,-2,-75,-1014,-481,-62,-16,134,-266,-4593,-185,526,-38,68,-2559,-639,657,-204,-58,-35,2053,1898,305,-11,68,57,858,1148,774,-20,7,74,16,2793,-1139,-2,-11,-36,341,2101,3,64,-57,-42,1641,4499,-449,41,-6,16,-179,356,-396,-66,77,-57,-639,-940,1635,-224,-49,-58,-165,-1734,342,-114,55,-76,-448,-1953,-108,9,39,-42,-779,-915,-306,35,-11,-66,-61,-463,-483,4,3,38,317,-302,-80,11,-4,21,-98,-202,-57,-16,-13,1,38,134,-74,2,-5,-9,-59,147,79,20,13,2,29,-16,20,-10,-1,1,20,21,11,-1,-2,-3,16,-136,-19,3,3,-2,-49,174,24,IN
2,2,5,45,-106,-4,1,-2,-1,-45,84,-7,6,4,0,39,-42,4,-12,-9,-4,45,-18,8,16,11,4,-115,139,-14,-13,-12,-6,168,-229,33,1,4,5,-117,253,-40,8,7,4,23,-173,8,-10,-10,-7,21,31,23,12,9,6,-82,88,4,-5,-5,-6,105,-100,-1,-2,3,4,-68,35,5,-2,-2,0,-11,30,-28,-1,-3,-2,-4,25,-21,2,7,3,23,-42,22,-2,-8,-5,77,-183,29,14,9,6,-149,263,-60,-13,-14,-7,110,-262,16,9,11,4,-86,205,-26,0,-4,0,110,-269,59,-5,-10,-6,-39,188,-2,18,17,16,-40,37,-60,-20,-15,-8,38,-155,51,1,6,2,-21,75,-51,-59,-7,18,38,-2079,-168,378,-8,200,-3317,-5322,-652,45,-105,-69,568,2740,1347,-57,94,137,3833,-1059,1344,-40,19,66,-1079,3897,-2415,43,-33,-129,-77,1827,1182,IN
133,30,-13,-347,-81,-684,13,-2,26,-401,401,164,-27,-53,-16,609,-126,286,9,17,31,78,16,-64,14,4,-14,-184,513,-50,-4,4,2,4,-251,-11,17,2,-9,-6,131,0,-4,-2,4,45,-33,34,-4,-1,2,-1,42,7,3,-9,-6,-11,-43,-22,-2,-1,10,-14,-41,11,2,1,-4,-3,-30,-7,3,-3,-3,36,-41,6,-3,2,9,-43,-275,-66,-16,4,0,-64,-936,-271,65,12,35,698,-3930,112,254,-29,221,-2317,-2854,-478,130,-27,-74,-302,3410,557,-162,5,53,3328,-101,754,-14,-6,75,-1014,4493,-1449,71,30,-37,-64,1145,1007,-34,-43,-29,901,4745,-582,-10,-47,17,137,558,-426,-46,33,-98,-598,881,536,-122,-19,-86,201,-1725,883,-158,51,2,335,-2548,335,-26,28,-90,-1250,-1217,-164,-62,-36,-13,514,-1603,-634,120,61,23,-505,-470,-275,-39,-50,-24,-75,382,296,IN
1,2,0,27,118,-21,1,6,4,-10,-46,41,-3,-3,-2,-13,-42,-33,5,3,0,-38,43,5,2,-2,-4,15,23,-34,-2,4,8,-15,-2,19,2,-2,-5,-26,-2,-26,-9,1,4,48,-235,2,-38,-6,36,-160,-1518,-517,-8,-55,-15,697,-4340,519,519,96,430,-3462,-2799,-1173,-167,-179,-260,-64,4419,1215,76,143,15,3107,151,1527,-8,-30,81,-486,4731,-2208,-87,-8,-30,1255,759,1467,88,-7,7,633,4973,-1303,-58,-42,35,35,677,-814,-1,64,-87,-1121,1145,1028,-320,-65,-112,1256,-4137,660,-53,124,-65,-849,-2805,591,40,-23,-92,-773,-330,-397,-6,2,30,-236,-797,-713,24,-4,4,35,-6,123,-1,-16,20,217,-208,-6,-5,5,11,-79,229,-43,17,2,-14,-28,74,39,-5,5,7,32,21,41,-7,-1,-1,-40,9,51,2,-5,-7,-12,-4,-47,0,6,0,63,50,5,IN
2,-2,-6,11,15,-21,4,2,2,3,26,28,-4,-5,-3,7,12,-20,0,5,5,-19,-60,-3,2,-3,-6,21,21,-6,-18,2,11,-4,-287,-50,-46,-11,-16,267,-2425,-208,179,56,205,-1162,-5329,247,265,-130,-77,-342,1355,-317,-107,32,110,2021,1457,257,28,52,66,-1333,2430,279,-23,1,-49,517,1392,77,19,-20,68,342,2926,-668,-11,-29,-77,690,3222,-284,117,18,6,200,2403,141,58,-1,-39,458,1174,94,-493,-107,-5,-717,-1184,1278,-198,123,-104,-605,-4293,-376,70,30,-107,-50,-3225,-164,88,4,-19,-310,-678,-394,43,-2,24,-215,146,47,-28,-52,-7,442,142,159,24,26,35,-23,416,-109,7,9,-7,-212,409,-33,3,-6,-10,107,-56,85,-2,5,0,3,10,-17,-2,9,7,-217,-21,-106,14,-8,-15,89,-18,73,-9,-2,7,-6,-1,25,-2,-8,-1,-11,9,-43,IN
-5,1,7,-3,18,-42,1,-5,-7,-41,-24,32,1,0,-1,17,-3,-40,8,2,2,26,27,4,-2,0,1,24,1,9,-2,4,4,-16,-78,21,-59,-5,12,-32,-989,-146,44,1,-86,-16,-2855,77,291,31,548,-495,-9551,-324,239,-21,-291,-2767,8962,466,-138,17,40,3527,-366,1509,-23,-24,68,-382,4675,-2255,-76,-17,-41,784,1183,1424,44,-14,-7,550,5469,-1632,-18,-46,-1,900,353,-814,-6,83,-42,-1528,1378,1354,-305,-91,-140,1490,-4252,632,-52,145,-19,-1366,-1726,339,25,-32,-101,-682,-1404,-309,-18,13,33,238,-1571,-435,79,4,10,-539,465,6,-53,-33,33,154,-421,127,8,-11,-19,132,465,-64,20,14,-5,-48,306,70,-9,8,11,47,-17,41,-5,0,0,-170,-72,-127,18,-9,-17,114,72,54,-9,-5,6,-3,-101,13,4,-1,-1,51,107,-28,3,-4,1,13,-54,6,IN
-2,0,4,-7,-44,-4,0,-1,-2,-49,23,-35,2,2,1,-4,-70,13,0,-5,-2,-8,33,-9,3,0,0,17,-51,7,-15,-4,11,71,-367,15,8,19,10,-503,-1275,292,140,-5,-31,-924,-2587,566,99,-35,353,1123,-6333,542,88,-61,-182,-1816,6363,-1374,11,55,91,3096,211,1177,-50,45,30,-604,3325,-1315,-21,4,10,114,1010,436,-23,-5,-11,456,2519,-1309,68,-78,-16,1013,3361,-436,28,41,-48,-503,36,357,-80,-37,-113,-2,-1548,1744,-93,48,-51,-1050,42,516,-282,-26,14,370,-1830,-746,54,57,-60,-352,-1754,-35,-5,25,-5,-423,-1592,-724,80,4,-21,-263,349,267,-27,-40,11,118,-279,98,-9,6,11,260,162,-65,15,7,2,-202,210,-8,-1,4,-2,-16,-42,-8,0,-6,-4,28,40,38,1,-1,-1,-11,-78,-72,3,0,-2,47,71,10,16,0,3,-46,17,4,IN
-5,-6,0,70,7,12,6,5,5,-59,23,11,-6,-5,1,-12,-74,38,1,-1,-1,28,124,-73,3,1,0,-3,-75,18,5,-2,-2,23,81,-15,-4,1,-1,23,-56,19,-11,-4,5,11,-111,-26,-17,15,18,-260,-1244,-300,-17,-37,-10,754,-4989,64,284,-31,397,-2273,-3341,-1708,228,-56,-262,-1404,7591,15,-177,44,149,3774,-4397,2262,138,6,-112,-466,8153,-1151,-137,14,106,1044,-888,1936,-6,-58,-34,983,4781,-1244,-12,8,53,-470,173,495,59,81,-133,-710,367,326,-299,-73,-65,412,-1459,750,-70,91,-33,-309,-2874,-152,-49,25,-69,-943,-540,-589,4,-2,-24,-279,-1100,-805,81,10,10,19,-460,207,-5,-18,-6,30,203,-52,-14,-1,6,195,101,18,8,1,2,-55,119,26,-10,10,9,189,-484,-73,-2,-2,-7,-135,129,14,33,10,-2,-37,94,-60,-8,5,3,-131,216,21,IN
0,1,4,-13,-12,-22,5,-3,-7,-17,-4,12,3,3,2,15,10,25,-3,-1,2,-4,-8,-8,2,2,-1,-23,-74,2,-21,4,12,-4,-293,-13,-83,8,-4,381,-2884,-347,127,3,169,-323,-4881,-486,386,-119,99,-2407,2365,-784,21,29,25,23,407,1577,-222,-31,-83,2629,1061,759,259,89,66,-453,5511,-1263,-204,-15,66,1249,-96,1278,65,-11,-85,-26,4837,-1130,-83,-96,42,552,-161,-262,37,128,-112,-2004,-538,1140,-115,-54,-117,1127,-1814,349,-103,23,-9,102,-1249,63,-31,9,-63,-844,-665,-179,-28,12,-23,220,-796,-662,15,21,12,-154,-569,12,-17,-17,6,117,-404,-133,16,3,5,-266,123,-34,21,0,-9,28,-21,14,-17,-10,-6,146,32,235,6,15,21,-122,291,-143,1,-10,-11,17,-211,-32,14,7,-3,-57,96,-19,-8,-10,-6,153,-107,121,-3,1,9,-42,224,-27,IN
-10,-2,0,55,-57,-14,8,3,1,-97,76,-12,-2,-4,-6,59,-70,-6,2,2,1,-31,57,-7,1,2,7,-14,-39,-39,-6,-5,-2,-28,-81,-56,-33,6,8,92,-813,-233,-10,-9,-48,-242,-2442,-228,386,3,576,-2963,-7344,167,166,-84,-446,478,6125,2092,-272,64,234,4136,-889,289,105,25,-12,-1924,5298,-2659,-76,-14,-42,1236,-141,2216,-117,0,75,-8,2913,-2088,125,-45,-82,1301,2998,-308,73,9,28,-777,1314,-334,-204,-28,-157,-183,-2839,1681,24,77,-22,-718,45,385,-215,-30,-65,70,-1531,-42,-16,27,-46,-237,-1498,-373,9,19,-14,-289,-705,-445,18,-7,-4,84,-468,0,3,-5,15,2,-254,4,0,-4,-2,-45,217,-5,6,1,-3,83,162,41,-5,-3,5,-8,9,-17,-4,2,1,-14,-36,-21,9,4,-2,-38,1,-14,-6,-2,0,1,-80,-11,3,-4,-2,1,-14,-2,IN
5,5,5,-34,6,11,-5,-1,-2,-1,-43,44,-2,-3,-1,3,49,-32,0,3,-4,-2,-47,-24,3,0,3,29,20,34,-2,1,5,-51,-29,-26,-10,0,-1,11,-205,-27,-30,11,-11,-190,-1250,-323,-67,-27,145,636,-7063,284,634,-68,165,-3182,1431,-2029,-231,-40,-72,1459,2898,3317,56,133,5,590,814,-213,-2,-37,30,681,3008,-1260,-109,-11,25,588,787,1410,25,9,-16,621,4052,-1651,74,-33,47,481,2192,-388,-120,15,-84,-1253,-1607,1133,-83,-18,-114,237,91,875,-113,62,-32,-200,-2327,-105,-63,13,-87,-420,-1306,-480,9,-16,-53,-26,-839,-384,8,29,30,22,-806,-382,20,-18,0,-89,111,349,-11,-10,20,156,-59,-36,-1,9,6,-149,211,-50,5,-1,-6,25,-97,76,0,5,2,-31,85,-77,-3,-9,-9,20,-23,-15,0,1,1,34,-38,-21,0,-2,2,23,-13,-1,IN
-3,-5,1,11,-40,31,-2,1,-2,-41,33,-10,0,2,2,23,-13,16,4,-4,-3,-16,-4,-3,-5,5,4,26,-27,-28,-27,0,11,58,-325,-33,-95,-7,20,-148,-2523,-600,295,30,36,164,-3784,626,152,-41,55,-514,850,270,-20,-18,136,232,-1212,354,-30,7,-7,-581,2287,-584,44,28,5,830,3178,-117,-52,13,30,660,2813,602,-23,18,15,74,2361,-1029,48,-105,10,1302,3478,-1205,-8,43,-27,-1324,-35,842,-129,9,-202,-633,-2380,1417,7,-7,-75,497,-1555,171,-185,9,5,-277,-788,-19,-6,6,-40,-22,-1592,151,-10,27,30,-130,-1170,-533,24,-13,-32,-291,360,-232,23,15,35,165,-661,43,0,-20,-18,-109,831,-140,-17,-2,17,17,-114,72,21,6,-7,35,90,7,-13,-2,4,22,-24,-44,11,4,-1,-64,-38,-1,-1,-5,-6,-29,-31,-19,8,2,-3,53,38,46,IN
1,-1,-2,41,25,6,2,4,5,-22,-6,6,0,-4,-7,12,-23,-24,5,5,7,-18,19,10,19,-10,-57,232,409,-52,68,22,-18,276,3655,-220,-79,15,128,-278,4373,145,-182,-4,247,-646,1466,497,-47,-5,111,676,-2700,-1625,99,-8,86,821,-6267,637,-62,-11,5,-643,-4443,1004,-125,17,27,185,-5531,187,17,-126,-187,-447,-2148,-2395,650,356,21,-731,2664,1143,-308,-275,-396,-3828,10835,368,-114,-124,-113,4412,-3417,196,98,95,125,82,720,84,-34,-8,7,-215,764,-91,7,14,18,159,-419,52,2,-5,2,-73,112,-36,-8,-4,3,107,-189,62,12,0,-8,-43,197,10,0,7,2,58,-53,39,-7,6,5,-75,21,-2,-2,-3,0,-50,-78,17,-5,-5,-6,-7,15,-36,10,3,-1,12,41,46,-7,-2,0,22,-99,-28,5,3,4,-7,102,-12,1,-1,-3,38,-52,18,OUT
1,4,0,-31,63,-4,-1,-6,-1,17,-138,-11,-7,2,1,55,75,18,9,4,0,-53,54,-11,1,-2,1,0,-26,-11,1,2,1,34,5,1,18,-14,-45,264,601,90,40,-6,-36,1072,4278,-969,-74,106,150,-1281,3696,433,-202,-39,240,-100,621,162,-4,5,85,184,-2147,-1003,59,-5,84,1248,-6500,463,45,-8,10,-1058,-1901,756,-143,1,-24,62,-2780,722,-92,-23,7,-309,-5542,-509,180,-27,-170,1472,-503,-1742,396,192,-109,-2347,3217,581,-201,-182,-293,-1854,7848,966,-48,-10,46,2050,-1444,-202,76,18,21,200,516,70,-48,-20,9,330,221,25,7,17,23,144,-285,212,-17,-2,1,-25,49,4,10,2,2,-48,-21,-95,-1,-6,-5,52,-23,79,7,15,11,-130,111,-23,1,-7,-10,-3,-148,-33,-1,-4,-5,-40,127,-8,3,1,-2,81,6,-9,-3,3,7,-15,-2,11,OUT
-2,2,0,16,-53,-9,2,-3,-1,26,-27,47,-2,-2,2,13,99,-28,-1,4,6,-31,-31,-15,3,0,-9,35,-30,6,3,-1,4,-43,120,-18,7,7,0,131,-1,37,37,-21,-70,482,1002,-80,146,92,70,485,4658,-800,-256,-61,106,-1159,3113,680,-175,21,322,-690,2348,-899,-11,38,38,187,-4185,-438,107,-31,72,2685,-8806,203,57,60,-19,-1721,-126,2224,-271,-77,3,795,-6372,83,26,-41,-111,-89,-2876,-1566,315,42,-78,1005,520,-1130,311,53,-362,-5059,10862,142,-324,-107,-44,2567,-333,1615,58,67,60,450,-16,-150,-23,-12,7,-189,604,-70,-2,0,15,138,-404,72,-17,-4,4,-116,111,68,-6,-5,-10,8,-221,34,10,-1,-3,-110,193,-8,-4,-7,-12,137,-210,6,-7,-3,2,4,40,-15,8,5,2,64,-66,24,-4,-2,4,-31,35,-7,5,-3,-1,39,38,-40,OUT
-3,-2,0,-15,20,-19,-3,0,-1,42,-142,29,-1,-2,-2,-50,59,12,1,0,-1,32,5,-19,4,0,1,-28,85,-11,13,5,-2,33,58,-21,-8,4,10,237,-79,142,43,-38,-111,719,1760,-30,47,59,107,12,5730,-1068,-205,51,250,-1558,3524,521,-167,-31,143,139,-1550,-1304,58,-17,25,1748,-7035,337,171,74,149,-373,-4104,988,-124,-59,-95,-633,-1509,2001,-145,-13,20,267,-5424,-733,2,-59,-164,445,-2289,-1257,528,203,-6,-1217,1706,192,-2,-144,-424,-1788,9113,-210,-229,-76,48,1815,-499,258,74,36,25,-289,461,57,-44,-18,4,563,282,86,5,24,36,-114,-135,79,-15,-10,-8,52,-197,-83,16,3,0,-157,204,-38,2,-2,-2,-71,26,29,2,1,-1,126,-25,28,-12,-7,-1,33,-235,87,1,-1,-5,37,190,-57,5,4,5,-74,88,-7,-6,-3,-4,163,-133,37,OUT
-2,-1,1,-53,-37,6,6,-1,-2,28,78,-5,-4,4,4,-8,-84,25,0,-6,-7,8,14,-22,-2,-1,0,-2,-9,14,7,6,4,26,119,-42,0,2,2,94,-93,28,14,-23,-81,791,1421,-333,133,77,95,271,6895,-1151,-244,3,190,-1535,1992,1394,-153,26,235,-586,18,-1388,8,-61,-7,2007,-7223,288,163,70,126,72,-4398,612,-89,-53,-84,-796,-776,1888,-147,-7,-5,257,-5108,-231,48,-7,-21,-180,-3797,-608,272,26,-184,1416,306,-547,300,20,-277,-3556,8934,-664,-356,-150,-66,815,2439,1059,56,64,59,588,-779,-442,6,-2,-10,161,406,-81,-17,-3,22,262,-284,161,-16,-1,6,22,-167,20,5,6,5,-79,110,-83,5,1,-3,-2,-169,42,8,4,-1,-87,278,57,7,12,11,-61,32,-7,-1,-3,-1,-7,-46,-34,-13,-12,-8,-83,-102,37,4,-9,-11,72,37,-15,OUT
-3,-8,-8,122,82,-58,-4,6,6,-10,16,2,4,1,0,-4,44,-10,-1,2,2,20,-48,-9,3,-4,-1,-52,41,-5,1,4,-1,89,176,-51,42,-32,-119,889,1574,-339,95,66,92,665,6291,-1016,-235,86,348,-2373,3363,1387,-254,-51,134,-1070,-906,-2176,140,-38,-31,3062,-9400,827,211,127,114,-460,-2689,1517,-223,-110,-83,-54,-2103,1912,-105,-15,18,-222,-4816,-1223,-18,-46,-128,1036,-2441,-1617,569,219,-65,-692,1294,366,-65,-130,-369,-3363,12659,-208,-297,-128,36,2929,-3761,347,140,89,45,-654,427,168,-15,-15,-9,81,773,-80,8,10,17,126,-613,164,-21,-13,-3,-93,207,4,3,3,3,76,-71,11,4,0,2,-108,92,-19,5,-4,-9,114,-114,14,-7,1,2,29,64,7,-1,-2,0,14,23,-11,-2,2,4,23,117,-31,-5,-3,-2,59,-215,58,3,8,2,-95,167,-47,OUT
3,-2,1,12,-155,12,-14,-3,1,40,85,-19,13,2,-4,-119,51,19,0,-1,-3,100,-104,-16,-3,1,3,32,7,-10,1,-1,1,-23,32,24,10,2,-8,136,284,-91,48,-70,-151,1991,3254,-1069,86,221,265,-1053,5214,990,-346,-110,225,-1953,2135,337,-60,25,96,291,-3108,-1642,136,-21,43,2114,-8017,430,64,52,43,-1208,-1300,1658,-179,-50,-38,538,-3638,789,-89,-21,-36,-260,-4668,-748,175,-15,-97,1024,-245,-2053,317,110,-188,-2445,4530,-276,-64,-122,-233,-1656,5993,1285,-75,-23,10,2467,-1237,364,26,32,50,-288,1133,6,-40,-1,21,357,-312,-50,6,-1,4,-183,-69,109,-9,-5,-3,133,-8,-27,6,-3,-4,-26,-31,-26,-4,8,9,-105,191,5,-8,-9,-5,39,-265,25,15,-2,-9,-96,297,8,-3,1,4,223,-189,-22,-6,-3,-1,-34,-112,47,14,6,3,-102,260,-14,OUT
13,-8,-12,-104,248,-15,-3,5,10,78,-271,40,-13,-9,-9,30,106,-29,18,9,6,-74,68,8,-8,-1,1,63,-146,22,-1,-4,-5,2,145,-51,44,-3,-51,587,957,62,41,6,-17,409,5308,-1092,-115,87,222,-1815,4280,-234,-249,-3,225,-945,76,-1183,7,-24,-31,1751,-6551,238,274,89,168,2307,-6098,1148,-113,-54,-31,-1691,63,2607,-181,-43,5,461,-4612,-124,-12,-16,-105,-1124,-2359,-314,194,-24,40,2392,-4361,-1871,557,139,-366,-4279,10754,356,-546,-188,-116,131,4525,581,143,67,44,1921,-2907,-257,-2,-22,-11,-441,1347,-50,-40,-8,30,367,-543,104,-11,0,-1,-134,241,40,11,3,0,82,-190,-10,2,1,1,-67,95,25,5,3,7,-208,177,15,7,-4,-14,124,-387,38,-23,-14,0,121,149,-61,15,12,6,-21,51,-23,-9,-11,-4,20,-132,14,7,7,4,-8,194,-15,OUT
-4,-4,-2,16,5,-16,0,1,3,-34,-9,26,-5,-1,0,21,-261,52,6,-6,-14,45,124,-51,23,10,-12,96,508,-125,33,-15,-70,1023,1678,-169,73,95,149,-413,7105,-969,-287,-12,225,-1647,2640,70,-81,65,146,-570,-33,-2327,96,-97,98,4278,-13331,1185,209,107,16,-3388,2028,3194,-250,-75,-76,1542,-5261,480,-100,-4,30,-381,-4520,323,-17,-49,-151,458,-2428,-1413,554,151,-159,-278,2186,-407,-97,-116,-253,-3373,11113,199,-173,-55,27,2778,-2580,-240,91,28,21,-459,984,-96,-48,-11,15,347,484,48,-11,6,20,-89,-330,165,-3,-7,-9,-104,143,-2,14,5,-3,112,-329,27,-31,-17,-5,-71,160,-18,26,20,9,0,-77,56,-16,-18,-19,46,-30,5,7,13,13,-42,169,1,-10,-9,-3,112,-290,-4,0,0,-2,-39,168,1,12,4,7,-21,-21,36,-7,-5,-2,19,-19,-38,OUT
1,2,2,7,-61,15,2,6,6,2,79,-42,-9,-4,1,-57,-148,135,17,-5,-10,70,172,-15,6,4,-12,362,365,-91,93,-3,-67,1121,3931,-1126,-71,88,231,-1651,6180,537,-360,-92,195,-241,-484,-608,57,99,111,-362,-1367,-910,120,-36,98,2752,-10253,247,178,70,-17,-2395,1276,2776,-219,-36,-67,438,-2652,138,-145,-40,38,122,-5562,276,18,-43,-185,665,-1730,-489,282,52,-32,371,-184,-1411,350,8,-297,-3746,9000,17,-369,-147,-106,2162,640,965,119,93,114,542,887,-613,-61,-14,1,-363,293,29,27,7,1,145,-254,66,-39,-8,6,-48,-20,173,-13,-20,-5,-24,-311,-44,22,10,-3,74,268,-64,-2,0,1,87,-231,22,-9,1,-4,-26,208,-6,9,4,6,-81,-35,39,-7,-5,-5,59,-71,-30,4,-4,0,8,-15,20,-2,3,2,35,-20,5,4,3,2,-33,40,-23,OUT
0,-4,-6,-2,19,-5,-3,0,7,19,-109,62,-17,-9,-3,144,-315,68,24,14,7,-204,459,-170,10,-2,-17,115,167,-30,68,-17,-62,933,1576,-62,10,17,60,286,6327,-992,-232,91,356,-2389,3643,627,-135,14,123,-775,383,-2415,46,-122,4,5190,-13296,957,333,208,128,-3429,1239,2720,-344,-118,-109,861,-5079,959,-67,-46,-35,-641,-4256,-46,60,-11,-128,1535,-1702,-1994,356,105,-129,-1237,1187,205,-5,-104,-273,-2500,9597,-516,-101,-38,21,1976,-292,298,54,30,40,-160,500,119,-33,-5,10,265,195,235,-13,4,15,-33,-21,-85,-9,-5,-5,128,-277,54,1,1,-1,-224,230,-23,8,-3,-7,145,-220,16,-16,-2,-1,28,47,24,12,4,6,-52,142,-36,-1,5,2,13,-56,29,-13,-6,-2,24,-170,49,10,3,-4,-41,201,-38,-3,1,1,31,-130,3,-6,-2,2,9,-63,25,OUT
-9,-5,-4,-16,-4,-11,5,3,2,6,18,-1,-1,-2,0,40,-43,11,-7,1,0,8,-66,42,0,-2,-3,-19,118,-39,15,8,2,22,185,-65,21,-40,-102,1234,1960,-558,52,73,129,551,5424,-1471,-189,65,111,-1857,1687,1592,-146,12,200,-70,505,-1189,35,-14,90,811,-5662,432,114,-9,100,493,-4974,533,-26,8,-40,-1373,192,1240,-91,-11,-61,256,-2177,508,-105,-22,26,700,-5642,536,20,-46,-129,511,-2055,-1587,306,78,-59,-409,599,-625,207,-30,-312,-3319,10129,-377,-240,-75,-16,1368,-16,1251,70,16,31,854,-464,-629,-13,-15,-3,107,545,428,-33,4,37,184,-197,-10,-12,-1,2,-116,-111,-24,12,-1,-4,110,-51,-44,1,9,8,-73,0,91,11,-3,-6,-144,170,-3,-13,-4,0,136,-119,-31,0,0,-1,-96,72,-9,4,-2,-1,75,-39,19,-6,-1,-1,2,47,-23,OUT
4,1,0,-66,127,18,-5,-4,0,50,-117,-17,-2,1,-2,10,-9,-10,3,0,-1,-43,31,-10,2,3,2,36,2,3,1,1,0,44,-54,-15,9,-13,-37,162,725,-224,27,-23,-89,707,5019,-1568,-45,130,236,-1047,4486,-446,-256,-38,202,-675,1137,-962,35,54,42,1418,-5855,604,201,30,139,812,-5845,813,-8,-16,-17,-1059,367,2448,-118,16,-4,16,-3271,244,-150,-54,18,636,-4543,1051,32,-13,-74,69,-4568,-755,264,-5,-122,-169,1991,-1959,271,13,-333,-3333,9849,-482,-238,-79,-56,1610,1639,1550,-17,24,80,803,-1660,-221,-16,-14,-3,-229,1127,-122,7,-6,13,161,-674,-1,-6,1,5,60,130,61,-6,5,8,-84,-26,-1,-3,-6,-9,-9,-31,-14,7,-2,-6,-4,49,-18,1,2,-1,73,-60,51,-1,1,5,-18,67,18,-2,-4,0,15,-29,-22,0,4,7,-4,-9,-21,OUT
