,,,,,,,,,,,,,,,,,,,,,,,,,,,,,,,,,,,,,,,,,,,,,,,,,,,,,,,,,,,,,,,,,,,,,,,,,,,,,,,,,,,,,,,,,,,,,,,,,,,,,,,,,,,,,,,,,,,,,,,,,,,,,,,,,,,,,,,,,,,,,,,,,,,,,,,,,,,,,,,,,,,,,,,,,,,,,,,,,,,,
10,2,261,20,46,4,9,3,263,22,94,17,6,5,266,-24,95,21,7,3,264,-35,105,-12,6,3,267,-29,78,-16,11,5,265,-32,84,-20,9,0,259,3,32,5,2,-2,259,23,-3,4,4,1,267,-4,35,21,4,2,264,-29,82,5,4,1,259,-18,66,3,7,3,262,1,53,1,3,0,259,12,4,13,4,-1,261,19,30,4,6,1,269,25,32,24,4,1,268,-53,97,22,2,5,272,-89,-12,71,-5,2,270,88,-339,109,-9,-6,260,104,-1314,154,53,19,290,-90,-1078,105,83,7,261,-17,-1439,175,105,1,248,-159,-1671,133,140,0,230,-101,-1937,108,191,-7,203,-84,-1364,139,197,-12,186,-30,-1202,106,189,-11,174,2,-1363,41,217,-4,162,129,-1804,-2,254,-4,119,-49,-1184,-83,252,-13,79,186,-1915,-62,270,-4,32,380,-3073,81,OUT
-22,3,259,15,54,0,-7,3,260,68,111,-11,-9,7,267,25,46,16,-18,13,276,-29,-11,15,-15,6,259,11,-62,-2,-13,4,259,-20,10,-5,-7,9,267,-7,68,-10,-9,6,262,-7,14,-9,-5,6,262,-32,31,6,-8,5,265,5,67,36,-12,6,264,-9,48,16,-13,2,260,13,-7,14,-29,3,259,17,-425,45,0,6,260,76,-548,-3,0,7,266,-11,-325,-11,49,16,277,52,-304,25,26,8,260,-57,-435,36,45,6,261,76,-1349,178,73,10,262,49,-1664,211,114,11,257,-33,-1702,203,140,3,228,-100,-1648,153,172,5,218,-114,-1686,190,204,-3,184,-48,-1742,144,219,-8,148,96,-1902,163,244,-5,119,168,-1930,102,255,-6,69,300,-2728,33,301,2,14,291,-2092,69,280,0,-22,49,-906,32,304,5,-24,56,156,-1,287,-13,-34,-141,1896,-31,OUT
-20,-7,260,43,13,1,-21,-5,264,17,64,11,-18,-5,265,-28,87,-11,-16,-4,262,-2,75,10,-24,-5,261,-22,27,13,-19,-8,257,22,43,-7,-18,-4,266,4,47,10,-20,-6,262,-6,-20,15,-16,-9,254,63,-127,27,-23,0,266,-60,-384,64,0,-4,266,61,-1398,241,26,-5,250,61,-1438,32,70,6,283,25,-1696,99,105,-1,253,49,-1675,-1,142,4,238,42,-1866,-28,180,1,209,-12,-1807,68,199,1,187,64,-1949,133,240,1,148,50,-2186,124,253,1,116,-70,-2056,135,270,-9,63,-30,-1499,55,270,-4,37,54,-1666,53,254,-10,-3,256,-2571,188,267,-7,-56,154,-3241,375,290,-15,-148,-211,-1140,197,289,-13,-149,-178,1945,-17,275,-21,-134,-416,4284,-353,284,1,12,-297,4917,-370,223,-11,106,-508,3545,122,180,-29,129,303,2667,-90,154,0,214,246,1581,-77,OUT
5,3,265,-20,65,7,8,-1,261,6,81,-20,16,3,269,30,77,-12,7,3,269,-7,13,35,2,0,261,-24,24,18,1,1,262,-15,23,13,8,2,262,-19,121,-1,11,1,267,-15,103,3,4,-1,260,19,14,25,3,1,269,-39,39,16,-1,4,270,-24,-118,-1,4,-3,260,-93,-227,75,-2,-5,268,195,-1706,242,81,19,284,20,-2131,286,121,9,260,-78,-2231,253,166,2,229,-299,-756,206,151,-7,224,-186,-1161,198,170,-14,198,5,-1921,225,223,-17,162,75,-2181,146,243,-17,124,34,-2036,45,250,-22,88,187,-2246,46,274,-8,52,76,-2319,-103,277,-10,-21,70,-2042,-33,311,-11,-71,-6,-67,-45,325,4,-48,-164,2810,-40,290,-10,8,-174,3727,72,215,-17,108,69,3622,66,174,-30,140,632,2774,-192,156,6,241,127,1971,-226,125,19,266,-148,2199,-45,OUT
-21,15,263,-15,13,13,-17,11,255,0,13,8,-14,13,260,1,15,14,-20,14,267,-20,56,-6,-15,11,261,4,98,-12,-15,12,261,-9,51,5,-17,12,261,4,18,15,-19,13,263,18,3,18,-19,12,258,-25,51,-16,-13,13,262,-2,92,-19,-14,11,259,-6,34,-6,-16,11,261,6,4,24,-23,11,258,-4,31,10,-22,9,256,41,12,2,-15,13,266,20,41,9,-20,10,261,11,42,-1,-15,12,265,-17,39,-9,-22,14,262,-81,48,-27,-9,6,252,42,53,-3,-13,10,266,41,71,34,-19,15,271,-28,105,-4,-15,11,258,-44,31,-6,-17,8,254,19,1,11,-18,11,262,17,72,13,-19,9,263,7,70,3,-18,10,260,12,7,21,-19,12,263,-2,26,24,-18,11,261,-14,12,29,-22,10,261,-12,4,17,-19,10,257,8,48,11,OUT
-5,5,261,7,49,9,-5,5,264,14,49,5,-11,4,265,2,13,6,-10,4,263,-1,17,5,-6,5,261,-12,44,17,-2,0,254,0,104,0,-11,4,264,18,4,20,-9,4,265,-27,26,-1,-7,3,260,-2,29,11,-10,3,260,11,28,18,-12,3,262,-3,61,-9,-4,7,266,-17,63,-4,-4,2,259,13,41,16,-10,5,263,-8,38,7,-4,3,260,-1,62,-1,-6,3,262,-10,28,21,-11,2,260,-1,52,-3,-7,1,260,2,71,7,-6,3,267,-11,47,9,-5,4,266,-5,64,9,-6,3,261,-42,34,25,-8,3,259,-2,50,17,-8,2,264,-12,53,10,-10,2,263,1,61,6,-5,4,264,-5,45,15,-10,4,264,-38,37,13,-11,0,258,37,34,20,-12,0,261,29,30,20,-11,4,266,-28,73,3,-9,3,262,-36,83,-7,OUT
-11,3,263,-19,54,16,-8,5,266,-22,138,-6,-9,3,260,5,29,8,-10,5,262,-21,66,1,-6,5,262,-16,134,-11,-11,5,264,-1,87,-8,-7,4,260,-1,59,4,-12,4,263,1,50,4,-13,3,259,11,37,-5,-14,3,261,12,3,16,-17,2,263,-30,12,8,-9,3,261,1,35,-5,-14,3,261,25,-17,3,-16,3,264,-1,-33,6,-17,5,261,73,-308,-44,-10,2,260,72,-474,-101,35,13,274,198,-1540,180,49,5,259,81,-1318,148,80,11,262,-57,-1318,198,103,14,265,-137,-1334,132,128,3,234,-65,-1701,134,170,1,205,-298,-1263,42,191,1,208,-283,-1420,129,214,-10,167,-266,-1376,47,233,-13,140,-104,-1696,53,242,-15,120,-195,-1333,66,252,-15,90,63,-1768,-66,285,-16,33,268,-1396,-70,264,-9,33,278,-1915,126,290,-6,1,179,-1363,8,OUT
-10,4,267,15,14,5,-22,4,271,-65,-48,7,-3,-9,244,6,0,10,-4,-1,274,38,63,25,-26,20,287,-144,-32,10,0,-7,225,-44,35,-44,12,-7,255,176,122,63,-25,17,298,6,37,108,-24,-10,240,-56,69,-60,7,-4,253,60,152,-28,-12,13,279,3,78,64,-20,-7,242,-47,26,3,-5,-2,259,47,94,-22,-4,15,288,41,136,49,-27,12,276,-143,13,44,-21,-6,243,-14,27,-34,-3,-2,252,20,55,20,-12,2,268,60,28,37,-18,2,266,5,-21,14,-19,6,270,-54,16,-3,-15,0,251,-30,-22,-56,1,-2,260,103,30,-48,-4,8,282,-92,39,-33,1,3,265,-6,76,-21,-12,-1,258,-77,32,-9,-12,-5,260,35,-27,26,-15,-4,262,-17,83,12,-8,1,261,-28,122,-10,-11,-1,257,6,18,4,-11,-1,257,45,56,1,OUT
-3,0,261,-13,29,5,-3,0,261,23,72,6,-3,2,267,-10,62,-10,-1,0,265,7,-2,5,-2,1,263,5,22,9,-3,-1,259,-25,56,-8,0,-1,266,-17,-5,6,-4,-2,263,-11,-23,-26,-11,-3,271,-347,-358,-92,2,-18,255,-194,-1386,85,51,-11,260,-112,-2019,56,110,-5,260,-12,-1647,80,127,-15,246,-171,-1286,81,133,-16,244,-216,-1668,75,172,-21,217,-89,-2028,89,209,-26,168,-7,-2200,141,242,-30,126,80,-1850,97,252,-27,94,78,-1859,-55,256,-29,61,36,-1745,-11,273,-26,22,20,-1880,-52,275,-26,-26,-17,-2129,-44,261,-18,-66,-96,-2257,4,276,-29,-132,-30,-761,72,317,1,-112,-79,1810,105,271,-29,-122,-162,4787,16,246,-24,41,206,4144,87,202,-42,108,326,2853,31,198,-22,181,504,1876,-48,183,-12,203,414,2012,-107,172,-6,229,84,1984,-176,OUT
-11,-1,258,19,11,19,-12,-2,259,-9,16,-1,-9,-1,260,4,35,5,-11,-1,264,29,49,12,-14,-5,257,-23,41,-16,-2,-1,260,27,39,9,-15,1,264,-1,7,30,-12,-4,257,-10,3,1,-11,-1,259,2,19,9,-10,-2,261,7,45,10,-11,0,265,-1,29,16,-10,-5,255,-4,57,-15,0,-1,269,0,45,24,-14,-6,258,3,-69,13,-12,0,271,-34,-207,58,-15,-3,264,12,-1462,255,41,-5,253,-39,-2065,209,85,3,276,-97,-1875,159,130,-9,240,-139,-1346,52,162,-10,225,-130,-1626,71,182,-7,214,-179,-1718,91,205,-17,176,-85,-1999,46,250,-20,127,-271,-1947,-52,252,-20,92,-254,-1873,-10,260,-25,57,42,-1829,77,259,-20,27,-8,-2161,-38,275,-17,-16,56,-2087,122,272,-16,-61,-76,-1685,49,281,-38,-120,149,-221,-23,309,-20,-103,104,1958,66,OUT
-33,2,257,-12,65,2,-36,4,261,-19,37,19,-38,2,258,17,39,16,-36,2,257,-13,51,13,-39,4,260,-1,68,-4,-36,5,259,2,-1,-9,-35,3,258,-20,26,4,-31,2,262,-4,34,8,-38,2,265,18,25,19,-37,2,258,-38,49,19,-40,1,263,-6,125,38,-55,-2,275,-141,204,-68,-38,0,268,-133,323,34,-40,-3,260,-187,478,112,-47,-2,255,-151,712,173,-61,-1,243,-65,773,329,-84,1,246,-50,851,370,-107,1,232,-40,780,352,-114,-1,205,131,781,329,-127,13,211,138,850,297,-158,17,191,352,1136,252,-160,27,180,282,1151,143,-184,28,148,599,1683,28,-207,42,132,782,1372,88,-225,50,118,393,1414,57,-275,70,93,410,914,21,-236,58,78,-166,149,-99,-210,44,37,-330,-763,-43,-215,49,92,51,-1673,166,-204,62,153,-365,-1940,-92,IN
-24,5,261,10,58,28,-30,4,263,8,8,19,-23,4,260,-28,77,-13,-25,7,263,-15,41,-3,-26,3,255,39,-3,26,-30,5,261,-33,68,-16,-23,4,262,18,76,-26,-19,3,257,25,20,19,-27,6,264,7,27,22,-25,3,260,-8,44,19,-30,2,257,4,26,0,-25,1,256,47,47,4,-25,5,269,-50,86,5,-30,-3,261,30,356,72,-35,12,280,-178,739,40,-60,-1,252,-128,615,127,-63,2,254,-133,710,105,-70,1,245,-68,753,78,-86,0,245,-120,629,118,-97,-1,221,-27,846,142,-110,4,220,-33,1121,165,-127,5,205,-59,1229,228,-154,4,192,-51,1125,404,-191,6,189,-63,1031,389,-196,8,165,-117,1014,238,-200,13,151,-190,778,146,-208,15,131,-174,825,42,-213,19,132,-308,375,75,-236,10,90,-56,-219,94,-224,4,99,139,-1338,137,IN
-18,2,257,8,51,5,-22,5,265,-4,76,2,-23,4,264,7,22,17,-24,2,257,15,16,11,-22,5,261,-13,69,11,-22,1,257,2,51,0,-18,3,261,10,32,6,-21,2,260,13,61,26,-25,2,261,-13,97,1,-25,5,269,-35,194,-6,-27,3,262,-17,192,34,-33,0,257,-56,385,10,-35,2,256,-73,546,16,-47,1,250,-26,586,71,-61,1,252,-114,832,89,-82,-1,248,16,657,164,-88,0,237,-31,785,211,-108,2,230,28,1230,193,-136,7,226,-66,1164,230,-157,-1,188,155,1346,259,-161,17,192,1,1338,208,-176,18,166,-112,1131,277,-207,25,150,116,1126,303,-219,24,125,-41,880,138,-242,33,123,-140,320,58,-234,30,107,-196,-569,91,-222,28,126,-3,-1269,5,-181,26,152,-108,-1261,-175,-167,32,190,-118,-1281,-262,-156,23,202,103,-2073,93,IN
-25,2,263,-22,117,-5,-26,3,263,-25,47,9,-26,3,260,1,36,20,-26,2,259,-21,63,-1,-27,2,260,12,80,-2,-25,2,261,-8,68,-3,-25,2,260,10,68,-1,-26,1,258,-15,64,-3,-26,-1,257,10,45,13,-20,3,261,-1,88,8,-27,4,265,-2,87,12,-32,2,264,-22,100,-1,-30,-1,258,19,222,9,-29,4,273,-97,576,-17,-48,-5,249,-120,957,22,-82,0,255,-90,986,97,-98,-3,241,-68,1061,85,-101,3,233,-51,992,129,-121,1,213,80,1022,187,-138,3,211,27,1232,154,-161,2,190,105,1316,152,-182,7,174,-39,1233,190,-196,5,138,21,1068,144,-212,23,147,146,1000,183,-201,15,101,-107,1035,65,-224,21,96,115,940,183,-240,19,66,202,320,352,-243,29,74,-135,-991,312,-228,43,130,106,-1953,137,-217,18,124,-133,-2522,57,IN
-3,4,259,-11,58,-3,-1,3,262,-10,51,-3,1,3,259,-10,65,-16,1,6,263,-3,44,11,0,4,262,5,55,6,-3,4,263,-20,40,9,-1,2,261,7,63,6,-1,6,267,-17,44,7,-2,3,260,-4,71,10,-5,5,266,-3,46,1,-2,3,259,6,46,-6,-1,2,259,18,45,-8,-2,3,263,21,69,-9,-4,5,266,4,83,-3,0,4,261,14,218,-5,-2,5,266,-21,507,35,-15,4,267,-260,1266,-113,-52,-3,246,-55,1180,50,-75,1,249,-43,1236,91,-93,2,238,29,1201,168,-117,2,222,15,1166,148,-138,8,214,8,1157,191,-159,3,188,2,1289,179,-190,17,192,43,1189,169,-194,17,164,-116,1174,127,-211,7,124,-10,1105,36,-204,9,100,250,1299,51,-231,22,91,279,1122,59,-235,24,82,47,694,112,-241,21,61,43,218,93,IN
-1,9,262,2,54,19,-6,13,268,-34,52,19,-1,7,257,-15,52,4,-1,8,258,18,61,26,-4,9,262,19,68,3,-2,9,263,13,40,-1,-2,7,265,9,44,-2,-1,10,264,-2,45,8,-4,13,263,-9,56,-3,-1,11,261,-1,43,14,-1,8,258,23,63,14,-9,11,265,8,74,-6,-5,10,264,-6,41,-6,-1,9,259,16,41,-10,-4,10,258,31,51,2,-5,13,265,-14,148,-36,-7,11,272,-110,45,-23,-8,11,266,-38,11,-5,-4,8,262,-43,50,-9,-4,8,258,-13,53,9,-6,9,266,5,29,29,-11,5,261,8,44,-4,-7,8,266,-15,55,8,-8,4,252,33,77,9,-4,5,259,61,150,-2,-9,8,260,83,276,8,-17,11,264,178,412,15,-34,17,270,88,635,1,-44,18,259,-19,1036,-118,-60,22,268,-252,1495,-223,IN
-2,12,263,5,65,10,-4,13,261,3,62,6,-8,12,260,-4,36,5,-4,12,262,17,52,6,-6,14,267,-21,50,-8,-2,11,258,-1,51,-6,-2,12,263,-9,41,12,-5,8,261,4,36,3,-5,13,267,8,60,8,-4,14,269,-16,77,18,-8,7,256,11,164,6,-12,16,268,24,240,14,-11,14,261,-29,607,-38,-39,14,272,-155,1104,-106,-64,4,250,-204,1436,-172,-91,2,239,-136,1584,-162,-121,5,240,-81,1245,-27,-140,-4,205,-28,1199,2,-159,-2,197,27,899,120,-171,1,184,-8,976,134,-180,5,162,81,1162,99,-189,7,142,-7,1535,15,-204,4,111,188,1179,182,-227,13,110,164,828,253,-238,5,84,78,121,178,-248,23,128,-116,-1676,351,-235,22,133,17,-2352,331,-181,45,185,-177,-1896,-77,-158,28,212,-211,-2073,-71,-99,24,215,-389,-1233,-99,IN
-13,9,263,7,37,5,-11,8,258,9,56,5,-11,7,264,0,48,7,-10,11,268,-24,35,6,-7,13,266,-9,76,1,-14,15,261,-60,-4,22,-13,6,257,31,41,16,-18,10,269,16,57,-20,-7,8,263,-32,56,-24,-5,6,260,9,52,7,-13,5,264,1,64,7,-13,5,262,-29,19,-8,-3,11,266,-3,106,39,-19,7,262,-51,79,23,-10,3,255,-21,76,-15,-12,8,262,-1,50,29,-20,4,261,15,79,14,-21,4,265,4,59,-12,-11,6,261,11,80,-38,-12,12,263,3,178,32,-27,2,258,55,284,8,-33,3,260,60,406,-31,-35,10,268,-38,827,-112,-62,10,263,-136,949,-138,-67,7,249,-131,1139,-151,-94,4,236,-118,1327,-206,-110,0,215,-145,1642,-146,-157,-7,196,124,1331,59,-177,5,201,75,836,204,-189,6,186,90,612,199,IN
-26,18,258,-1,52,7,-30,17,262,-22,40,-14,-24,17,262,-4,30,9,-22,16,259,13,56,23,-26,17,262,-28,53,3,-23,13,258,-13,76,11,-27,11,255,-18,44,3,-21,17,264,-4,56,10,-30,15,260,-49,47,7,-25,10,254,-18,37,7,-25,8,254,-22,71,-3,-24,13,266,-23,76,2,-25,9,259,-29,41,15,-28,9,256,-14,41,10,-25,11,262,-20,47,-4,-25,9,257,5,32,9,-27,11,262,21,31,21,-28,9,260,-20,45,-3,-27,7,257,6,87,-9,-28,9,262,19,125,6,-20,13,264,-106,566,-57,-47,2,254,-41,751,-8,-61,2,246,-200,1180,-30,-76,9,242,-6,1265,116,-117,0,216,88,921,244,-127,14,231,35,983,202,-143,12,210,57,982,199,-158,18,200,-26,1115,124,-181,14,170,27,1535,27,-204,9,139,335,1165,192,IN
0,14,257,11,63,11,-4,16,262,-10,39,4,-6,17,265,12,20,-6,0,17,259,35,41,4,0,18,263,-2,58,0,0,17,262,-26,48,2,2,16,260,5,52,19,-4,18,264,-12,38,14,-3,17,264,-7,43,12,-1,16,261,-19,61,-8,-2,16,263,1,62,-7,-3,16,261,10,54,0,-1,19,264,23,74,8,-7,18,267,-31,60,-10,-2,16,261,-26,44,-11,-6,13,257,15,50,-6,-2,18,266,-10,37,-9,-3,15,264,-6,55,-6,-4,14,260,-9,44,2,1,14,263,-4,54,15,-1,15,264,-19,46,20,-3,14,260,-9,35,24,-3,16,260,6,53,14,-7,15,264,-7,57,1,-5,13,260,2,60,-16,0,12,255,-6,53,-11,0,15,262,6,46,14,-2,14,266,23,36,26,-6,13,260,28,56,2,-7,20,265,-25,36,20,IN
-37,15,262,-11,124,-17,-38,9,254,9,58,10,-40,14,258,7,65,-17,-35,12,261,-21,72,-16,-38,9,260,-10,24,3,-43,9,263,-43,12,6,-39,5,259,-10,3,29,-38,8,258,-17,82,20,-33,10,257,-39,285,-37,-45,11,257,41,16,71,-46,6,256,-30,113,-1,-42,7,256,22,134,9,-46,5,258,2,138,33,-56,9,260,-17,208,19,-61,7,262,-80,368,-2,-58,5,253,-40,575,11,-66,4,245,7,717,84,-87,7,245,12,671,134,-97,16,246,-67,867,64,-119,8,225,21,792,100,-120,11,217,27,828,109,-128,13,198,-38,859,126,-160,14,186,87,799,198,-169,21,187,-38,952,163,-193,14,157,112,913,190,-188,29,156,149,1134,131,-203,26,125,124,1123,96,-206,33,98,196,1464,59,-219,41,86,-29,1127,118,-233,26,48,17,729,301,IN
-5,17,259,-24,55,11,-2,19,265,-27,123,1,-4,17,261,-13,73,4,-9,14,261,6,26,10,-11,14,260,-8,38,-2,-10,16,261,6,64,-9,-11,19,267,-22,14,6,-8,9,256,24,32,4,-6,17,267,1,96,1,-5,18,264,-7,70,1,-7,16,263,2,22,8,-10,12,257,32,27,17,-8,17,269,2,51,35,-23,10,277,-38,-4,13,0,8,280,-172,178,36,-24,7,290,-210,42,52,-11,3,285,-340,209,20,-19,3,290,-391,-72,93,-12,-10,270,-530,341,7,-10,-15,269,-511,91,134,-30,-26,278,-624,449,57,-25,-40,260,-591,212,58,-36,-41,269,-759,269,30,-34,-56,258,-834,250,47,-32,-84,221,-720,242,101,-46,-99,208,-705,240,84,-57,-109,198,-609,209,56,-59,-122,176,-499,149,-30,-49,-141,121,4,-59,-67,-27,-118,156,258,-23,27,UP
-17,18,259,12,43,2,-16,22,264,2,53,16,-20,20,261,-2,47,5,-14,20,259,-3,49,-4,-14,18,258,-15,50,10,-17,20,258,-3,43,10,-18,19,259,-3,35,3,-16,21,270,-24,52,15,-20,18,276,-67,78,16,-32,19,294,-188,128,-28,-24,10,289,-363,139,-53,-25,6,277,-435,186,-42,-25,-5,264,-467,200,-53,-28,-5,271,-517,167,-21,-36,-26,253,-488,198,-44,-37,-35,255,-527,182,-46,-40,-47,252,-489,194,-69,-31,-55,245,-469,194,-65,-39,-66,239,-447,202,-44,-37,-72,241,-422,188,-14,-47,-80,241,-420,225,-29,-55,-95,236,-429,208,-41,-62,-101,237,-459,157,-100,-55,-108,230,-457,152,-102,-58,-120,220,-563,71,-94,-57,-128,211,-594,6,-132,-45,-145,178,-480,-166,-102,-3,-164,108,-126,-356,62,7,-157,96,653,-21,120,-33,-126,175,985,33,263,UP
-20,14,258,-3,42,-1,-17,16,259,7,48,10,-19,18,262,0,44,15,-18,18,260,0,53,10,-23,20,260,-7,35,5,-17,17,258,14,29,0,-22,19,262,1,50,15,-20,19,266,-20,31,-1,-17,15,259,5,41,1,-15,16,263,4,91,21,-26,18,277,-73,75,16,-34,15,285,-168,82,-41,-24,19,295,-295,104,-61,-25,3,275,-389,125,-47,-21,-2,262,-442,150,-42,-30,-8,266,-468,148,-43,-33,-20,257,-453,135,-82,-39,-32,259,-495,125,-97,-37,-41,265,-550,110,-147,-30,-50,264,-606,139,-113,-31,-63,259,-640,156,-93,-32,-76,252,-711,135,-59,-37,-93,238,-721,156,-30,-39,-103,231,-773,82,-29,-45,-121,210,-768,23,-48,-30,-132,190,-733,-16,-64,-27,-156,143,-426,-100,-11,-14,-174,87,240,-11,76,-21,-143,141,781,-8,196,-33,-125,202,906,179,104,UP
-16,9,257,3,26,2,-13,12,260,-4,56,12,-18,10,261,-6,27,4,-13,10,262,-17,26,-10,-10,12,262,-25,51,-4,-14,12,262,12,67,0,-14,14,265,-21,52,8,-15,7,257,26,37,4,-11,12,264,4,36,8,-16,10,260,-20,39,4,-10,11,264,5,43,10,-15,11,262,-8,40,4,-12,10,262,-4,66,-4,-12,8,261,-7,58,8,-15,11,268,-11,53,7,-18,8,270,-51,53,-10,-10,8,268,-56,99,5,-17,7,280,-94,110,12,-21,5,287,-159,146,9,-24,1,281,-318,153,23,-28,-2,282,-421,175,-6,-27,-12,273,-542,184,-21,-31,-22,267,-624,157,-68,-29,-38,257,-685,130,-91,-23,-49,253,-719,111,-94,-23,-64,245,-734,86,-48,-24,-78,243,-734,114,-7,-23,-96,230,-743,160,-15,-37,-107,232,-726,79,-1,-30,-125,211,-761,89,11,UP
-27,3,259,2,51,6,-24,5,265,-28,37,19,-26,0,255,13,40,12,-27,4,264,-11,41,26,-32,3,263,-7,53,13,-26,2,258,5,59,12,-22,2,259,-9,58,16,-27,2,260,-1,69,15,-28,6,263,0,48,8,-28,3,256,6,34,10,-28,4,260,16,56,2,-32,2,260,-9,25,3,-21,5,262,30,46,7,-29,4,261,-8,37,13,-30,5,260,-2,37,2,-26,2,257,3,57,-2,-24,3,261,15,46,-2,-24,3,258,-7,24,11,-26,4,260,3,50,14,-32,5,264,-21,30,2,-31,2,264,-58,38,-5,-35,1,271,-92,36,-28,-32,1,276,-185,19,-76,-22,-3,281,-276,41,-52,-30,-10,290,-419,16,-71,-23,-18,280,-552,33,-62,-24,-27,270,-600,66,-46,-34,-41,268,-675,26,-78,-24,-54,262,-720,8,-106,-16,-66,253,-767,-10,-85,UP
-10,9,264,3,39,11,-13,8,261,-16,31,8,-13,6,257,15,50,-2,-9,9,266,0,40,9,-11,6,261,14,45,14,-9,7,261,4,51,11,-14,9,265,-14,51,4,-10,7,261,-15,37,5,-11,8,259,22,69,-3,-12,6,261,-3,48,13,-14,3,261,13,23,4,-6,10,266,8,27,23,-18,9,264,-20,23,19,-9,7,258,-7,44,6,-7,7,259,22,79,13,-14,13,276,-1,81,14,-19,9,282,-95,57,5,-16,4,284,-172,99,0,-27,7,293,-318,106,-54,-18,-2,277,-425,138,-88,-16,-12,270,-502,149,-66,-22,-25,270,-561,115,-69,-9,-37,264,-604,217,-38,-16,-50,258,-608,233,22,-33,-59,261,-678,182,41,-31,-68,257,-774,225,23,-34,-82,248,-877,57,42,-33,-100,230,-998,87,-12,-28,-120,207,-951,-11,-4,-30,-136,197,-891,23,31,UP
-34,10,282,510,18,39,-50,21,304,229,-108,-67,-24,22,281,79,-127,-109,-13,23,273,48,-37,-66,-10,19,262,15,-14,-54,-6,25,267,29,59,-16,-9,21,259,1,40,31,-18,18,258,-9,25,19,-11,20,259,23,43,13,-12,22,263,2,52,20,-16,24,269,-23,33,17,-13,21,257,-5,53,-5,-11,18,255,-6,66,3,-12,22,262,4,91,26,-25,27,286,-53,85,20,-27,25,294,-230,44,-15,-37,14,297,-395,38,-64,-26,7,287,-497,41,-113,-19,0,278,-699,-18,-115,-16,-15,271,-798,24,-98,-14,-33,262,-905,-10,-112,-8,-58,250,-945,23,-101,-4,-70,253,-935,46,-42,-11,-91,251,-1070,70,-16,-10,-102,245,-1193,-23,26,-14,-131,216,-1225,31,-30,-13,-147,200,-1244,-158,-14,2,-178,131,-954,-76,23,9,-213,20,247,-26,12,9,-177,75,1113,-23,195,UP
-20,5,259,6,60,9,-25,7,262,-5,46,10,-23,5,258,3,48,-5,-22,7,259,10,51,6,-23,3,258,2,33,3,-23,9,266,8,35,9,-25,4,256,3,43,17,-19,4,255,4,51,5,-19,6,261,-9,46,5,-23,2,257,-9,49,4,-22,13,286,-91,25,32,-30,5,286,-239,29,3,-24,3,293,-386,44,-17,-23,-4,286,-628,-15,-46,-12,-20,266,-851,-17,-51,-21,-43,261,-819,26,-22,-14,-56,265,-858,8,-18,-4,-76,242,-953,68,15,-14,-98,234,-894,67,57,-27,-114,226,-832,106,42,-23,-122,229,-887,83,0,-20,-136,212,-856,126,-2,-25,-148,210,-986,103,1,-26,-167,196,-942,105,-19,-19,-177,184,-1017,-20,-17,-21,-192,149,-1161,-46,-18,-13,-218,80,-911,-146,-35,4,-248,-16,67,-137,90,-34,-229,13,1383,271,-23,-20,-172,152,1936,310,-86,UP
-23,4,260,5,51,-8,-20,4,265,-6,45,6,-21,2,259,5,52,12,-26,5,263,1,51,3,-23,4,257,-6,58,-8,-21,5,263,5,60,-3,-21,3,256,27,51,8,-24,5,264,-18,21,19,-22,5,263,10,42,6,-27,5,260,-4,35,20,-25,5,260,-23,30,3,-19,3,254,28,48,-15,-19,4,264,10,40,26,-26,4,267,-4,40,6,-23,9,275,-61,55,9,-28,6,276,-131,54,-7,-26,3,277,-233,27,-15,-34,0,277,-339,32,-71,-23,-10,277,-441,38,-86,-33,-19,287,-596,77,-124,-14,-31,273,-699,125,-127,-16,-46,261,-769,88,-95,-15,-63,254,-850,190,-65,-24,-79,244,-884,148,-37,-23,-100,226,-757,120,16,-32,-115,226,-792,257,7,-39,-124,230,-779,229,1,-40,-138,221,-885,100,3,-25,-154,196,-901,134,-24,-23,-165,176,-983,42,29,UP
-23,8,260,-7,52,11,-27,9,261,-12,39,2,-22,9,259,-20,41,4,-23,4,256,17,54,0,-26,8,266,-9,37,1,-23,7,258,3,52,-4,-24,5,256,3,32,2,-25,8,268,3,50,-9,-28,10,269,-60,47,-12,-25,0,254,-23,74,-40,-17,8,284,-157,105,30,-42,-4,279,-215,123,-90,-28,-8,285,-370,183,-47,-36,-16,282,-399,243,-53,-42,-25,265,-477,290,-100,-40,-32,262,-545,297,-130,-43,-45,256,-561,297,-75,-55,-61,251,-556,359,-72,-55,-67,252,-598,387,-47,-62,-80,244,-555,418,9,-75,-86,237,-571,446,-20,-76,-91,226,-634,329,0,-74,-100,208,-635,295,-34,-77,-116,185,-543,156,28,-97,-120,183,-444,69,-29,-73,-130,146,-300,89,-163,-54,-138,118,118,-147,-64,-35,-126,131,426,-172,76,-61,-123,156,754,-131,97,-76,-105,231,697,-126,73,UP
-26,17,259,5,45,1,-25,17,259,-2,39,17,-25,14,256,16,49,4,-28,17,258,-16,28,5,-24,16,257,7,60,6,-26,17,261,6,56,-9,-26,19,262,-11,48,0,-27,16,260,-13,49,6,-24,16,261,-1,45,3,-28,17,257,9,47,11,-24,16,262,8,60,12,-28,13,260,-22,38,13,-24,17,270,-6,91,12,-34,11,280,-130,72,20,-35,3,291,-241,121,-20,-38,4,293,-385,141,-59,-43,-5,279,-508,181,-106,-41,-5,283,-644,199,-117,-33,-19,271,-694,236,-123,-40,-34,256,-717,239,-98,-41,-45,257,-735,280,-92,-36,-64,248,-774,294,-61,-57,-75,256,-835,267,-6,-53,-86,242,-1048,167,-35,-58,-110,209,-1239,56,-89,-56,-136,156,-975,-94,-82,-27,-169,80,-359,-154,-14,-23,-160,64,466,-61,21,-42,-134,116,1015,9,131,-48,-107,208,1180,133,97,UP
-2,-12,220,-513,671,-159,-10,-35,143,-369,417,-151,2,-17,190,157,418,-174,-10,-18,228,325,-415,32,-4,-10,264,262,-107,76,-22,-32,230,354,-258,259,-9,-11,267,516,4,141,-6,0,261,399,174,133,-5,9,274,96,213,99,-37,3,284,-93,391,-52,-37,6,277,-46,-47,29,-21,6,260,-45,75,6,-29,2,249,26,16,47,-34,5,263,67,92,36,-28,11,265,16,40,8,-32,11,267,-19,85,-5,-34,5,255,7,31,-22,-28,7,262,-33,69,-4,-27,2,254,48,84,-19,-30,5,262,-17,45,-4,-34,7,267,-45,56,7,-28,5,260,-15,38,-10,-32,8,266,-39,37,-4,-29,5,259,-4,87,3,-32,4,259,-38,60,-9,-11,1,232,115,39,63,-16,10,222,263,-11,158,-20,25,223,460,-103,147,-16,37,231,591,-96,185,-8,44,228,669,-128,157,DOWN
-35,-9,257,8,66,16,-39,-10,260,-10,39,6,-40,-7,262,-11,35,-2,-37,-10,255,-43,16,-16,-32,-14,255,30,48,-18,-30,-7,267,9,52,14,-38,-11,258,-25,48,11,-35,-12,252,-12,13,-4,-28,-17,235,106,9,35,-13,-11,226,301,-16,106,-17,-2,224,423,-203,210,-19,15,239,588,10,171,-28,28,252,632,-120,150,-24,45,252,622,0,49,-33,54,264,475,-161,35,-19,65,260,510,-34,39,0,78,252,480,-39,44,-2,94,260,433,-36,57,10,104,255,426,48,114,-19,103,256,221,-188,47,3,105,239,247,-75,7,16,108,245,183,-71,5,5,104,240,349,91,128,-65,175,396,-361,-730,-32,-43,127,319,-93,100,-107,-12,119,283,-411,3,-119,2,109,265,-547,211,-116,2,104,261,-649,153,-95,5,83,241,-624,180,-60,0,71,245,-581,171,-50,DOWN
-26,-19,257,6,48,17,-29,-20,257,-10,37,1,-24,-23,254,18,41,11,-21,-19,259,-3,50,14,-27,-24,260,-24,40,30,-28,-20,262,3,37,0,-26,-16,262,-6,47,8,-29,-21,258,-16,53,-17,-26,-21,256,6,57,-3,-19,-19,254,46,47,4,-15,-23,233,126,18,83,-31,-22,233,310,-13,86,-21,-8,229,439,-153,88,-22,5,249,561,-20,83,-13,19,252,521,-51,26,-16,35,267,498,-73,0,-12,49,262,542,-13,1,1,52,235,556,-38,47,-13,68,256,508,-84,24,-3,84,265,485,-60,-7,4,87,248,407,-245,48,-9,100,271,294,-173,9,16,98,249,350,-53,25,20,101,252,173,-64,75,-6,103,286,197,-16,20,-7,112,324,-8,235,-2,-1,110,305,-420,184,-47,2,101,268,-625,226,-68,6,89,247,-654,216,-40,0,75,242,-563,235,-15,DOWN
-23,-31,257,6,43,17,-25,-30,259,-8,40,7,-26,-28,262,0,52,3,-25,-31,257,-9,39,3,-24,-33,254,30,57,-2,-25,-27,262,14,66,9,-27,-33,255,-4,41,-15,-21,-32,259,10,33,-8,-24,-29,259,2,23,24,-27,-27,262,11,48,-6,-21,-32,253,-8,37,-15,-21,-28,258,29,39,0,-25,-28,261,17,16,-10,-18,-34,241,102,21,5,-6,-27,235,167,-27,38,-12,-21,228,369,-44,104,-29,-11,242,511,-56,119,-29,6,264,491,-130,53,1,17,249,547,-95,89,-17,29,247,579,-106,37,-1,52,270,611,-42,27,-12,48,257,589,-74,-31,16,65,252,545,-16,70,-23,80,270,484,2,-56,1,86,260,408,-115,3,-5,99,271,239,71,-49,14,101,251,128,-76,-29,1,89,243,138,-210,-39,12,86,253,216,23,35,-8,103,316,50,119,-1,DOWN
-26,-25,261,-1,39,13,-27,-27,255,-10,26,-5,-22,-28,258,14,55,5,-24,-28,260,2,40,-2,-24,-30,256,20,52,12,-23,-27,262,-14,35,12,-23,-29,255,-11,49,13,-24,-28,255,7,32,18,-24,-26,260,26,45,22,-26,-29,255,28,51,-12,-24,-23,267,6,63,11,-29,-32,257,2,61,-25,-23,-29,259,-12,41,-16,-14,-29,251,-14,-2,4,-8,-29,223,162,12,84,-24,-24,227,334,-76,101,-13,-10,234,520,-109,109,-5,-2,233,655,-100,121,-30,24,284,585,-31,59,-13,34,269,499,-52,-30,-4,42,266,446,-1,15,0,52,244,526,50,-4,-3,65,244,519,-142,6,-10,82,272,450,-47,-13,5,81,258,450,-85,-5,6,95,263,378,-12,3,-10,100,261,353,-84,-24,12,106,255,289,-61,-5,23,105,233,247,-40,79,-10,117,267,200,12,6,DOWN
-19,-23,264,-28,40,2,-16,-34,255,22,57,-23,-16,-25,265,-12,46,-8,-18,-28,262,-32,34,7,-18,-27,258,1,62,-5,-19,-25,259,-21,62,14,-22,-26,259,-32,44,-5,-19,-33,252,7,43,-22,-14,-27,259,26,51,4,-19,-27,262,20,62,-4,-13,-27,256,13,39,-8,-9,-29,243,73,37,36,-20,-29,245,130,26,19,-17,-22,263,88,-40,1,-14,-26,248,181,-17,19,-18,-16,239,341,-1,67,-15,0,251,425,-19,23,-14,0,249,432,-80,1,-3,22,268,477,28,12,-6,25,248,516,41,-37,-2,41,263,462,-45,72,8,53,254,501,53,117,-10,60,265,373,-90,47,-9,68,259,379,4,9,-2,73,254,372,-55,66,-9,83,266,277,-45,4,5,93,263,219,-59,0,10,92,254,132,-77,3,13,93,243,195,-17,41,3,92,257,208,11,74,DOWN
-21,-44,253,2,50,-1,-19,-40,259,15,58,23,-25,-40,258,12,55,20,-22,-42,256,3,36,-5,-23,-40,260,26,54,7,-23,-42,257,23,48,9,-21,-46,253,16,54,-10,-20,-38,261,47,53,19,-27,-42,251,1,34,10,-22,-37,256,29,54,-8,-19,-38,256,60,66,19,-23,-35,262,-5,33,30,-27,-38,256,-10,31,0,-21,-37,255,32,45,7,-25,-38,258,21,32,7,-24,-35,260,17,22,-6,-21,-37,251,66,68,1,-16,-37,247,41,-25,13,-20,-32,257,99,17,3,-11,-35,231,250,-42,77,-2,-27,223,398,-82,88,-25,-12,245,548,-74,177,-16,3,259,545,-107,108,-23,14,262,554,-43,94,3,34,253,597,35,25,-11,46,274,506,-5,-9,1,47,247,465,39,74,10,61,240,387,9,152,-27,74,283,370,24,10,0,73,254,302,-108,24,DOWN
-25,-28,259,9,61,15,-28,-32,253,11,36,9,-25,-26,261,0,43,5,-26,-32,257,7,51,11,-28,-31,258,10,52,-6,-28,-29,260,-2,44,11,-32,-27,261,7,63,5,-34,-29,260,-46,24,2,-30,-31,258,0,47,-13,-28,-32,260,-6,39,-4,-27,-31,258,15,49,-4,-30,-28,262,-10,55,12,-31,-31,253,-7,46,-12,-26,-29,253,13,49,-4,-25,-33,247,46,25,8,-24,-30,242,142,-3,54,-22,-30,234,259,-50,77,-23,-18,249,344,4,60,-16,-17,243,365,-56,89,-30,-3,246,448,-52,74,-25,9,256,420,-88,13,-8,25,259,486,58,-1,-11,28,248,467,-54,66,-12,44,256,462,-55,50,-17,58,268,458,-33,31,4,59,234,488,-61,29,-14,77,261,468,-69,85,1,83,252,441,-42,73,-2,96,251,417,32,-25,-11,100,263,311,-167,10,DOWN
-37,-48,255,54,55,7,-38,-43,263,3,48,6,-35,-46,254,-9,54,-1,-38,-44,256,-25,47,4,-32,-49,253,5,55,6,-36,-42,260,-30,38,5,-39,-48,253,-3,42,9,-30,-46,256,8,47,8,-37,-48,251,23,49,8,-38,-46,258,1,53,0,-29,-47,251,9,58,15,-36,-45,253,10,58,9,-34,-45,253,-4,35,18,-36,-45,253,43,55,5,-33,-45,256,10,51,24,-39,-43,260,-1,36,9,-32,-44,255,16,38,17,-36,-45,255,32,46,0,-36,-42,259,15,33,7,-35,-43,260,18,32,-4,-34,-42,257,-1,32,15,-39,-40,257,10,71,4,-33,-46,251,-34,18,3,-30,-44,255,8,51,3,-33,-42,259,-11,37,27,-38,-42,255,7,41,13,-39,-40,258,-51,24,-11,-30,-44,255,10,63,-11,-32,-44,256,12,61,13,-30,-44,249,44,67,28,DOWN
-33,-49,249,43,68,1,-39,-47,257,9,40,16,-35,-49,254,-4,32,9,-38,-48,251,22,44,15,-39,-46,256,1,47,13,-35,-47,256,15,45,9,-34,-44,254,5,50,22,-44,-47,254,1,45,3,-35,-48,254,8,43,1,-34,-48,255,-19,43,-2,-33,-47,255,4,57,23,-43,-45,256,-26,40,-4,-37,-46,250,-19,42,-2,-39,-50,253,-6,17,-24,-26,-48,253,36,42,7,-31,-47,238,95,32,62,-40,-46,239,200,12,38,-31,-37,238,262,-24,64,-9,-30,233,317,-52,68,-27,-17,255,494,-11,181,-34,-9,248,538,-1,132,-29,4,257,501,-27,139,-17,13,248,541,58,115,-11,31,256,552,29,231,-30,39,262,498,-27,178,-24,49,250,527,-14,201,-28,69,256,558,32,228,-6,73,234,551,-23,224,-14,94,251,645,100,284,-24,105,253,535,22,249,DOWN
-41,-37,255,-2,43,-5,-39,-34,255,11,43,-1,-37,-37,254,3,33,-1,-38,-36,255,24,51,13,-41,-34,258,8,33,19,-41,-35,258,12,44,6,-42,-34,258,-15,49,-5,-41,-34,257,-31,53,-17,-46,-38,254,-52,30,-34,-39,-41,251,2,34,-44,-36,-37,259,14,50,-15,-38,-37,256,-17,37,-2,-38,-40,248,14,17,-3,-29,-40,230,153,8,48,-46,-35,243,257,-12,42,-27,-29,232,279,-107,33,-25,-19,245,350,-108,54,-12,-11,237,518,-83,132,-17,6,235,704,28,196,-39,25,275,533,-131,90,-29,32,271,521,-83,106,-33,49,278,449,-13,-14,8,54,245,417,-127,108,7,66,236,533,-49,215,-10,85,265,583,109,260,-28,88,264,439,-88,173,-22,103,265,459,72,181,25,109,225,448,145,292,-22,119,269,367,163,301,-64,129,325,2,194,34,DOWN
-17,4,265,-24,32,0,-13,1,257,-29,41,-3,-14,4,264,-6,50,36,-18,4,267,-21,61,-21,-14,1,259,-18,60,-5,-13,1,260,27,51,-9,-16,4,266,15,55,0,-17,1,259,-12,28,-3,-13,0,258,-13,30,-24,-8,-2,257,36,67,-10,9,3,269,2,51,63,14,2,262,-11,33,180,26,5,259,12,155,329,-6,10,266,6,123,490,-13,13,273,-83,76,489,7,9,255,-89,-66,582,-7,21,271,-40,154,663,-11,16,265,-69,-37,710,-14,17,266,-127,8,736,-18,15,264,-98,28,733,-12,15,260,-138,26,703,-4,15,259,-61,35,757,-14,16,262,-112,-83,772,-15,19,255,-25,78,844,-77,12,263,-117,-89,615,-94,6,254,-21,109,32,-77,4,238,58,64,-434,-30,20,258,60,153,-686,-27,5,242,144,52,-702,-13,16,282,15,88,-606,LEFT
-18,5,262,-19,39,9,-23,6,261,-15,41,16,-20,6,259,5,61,-1,-18,6,257,-11,39,-4,-19,7,259,13,38,2,-23,8,262,7,46,-14,-22,8,263,-38,6,-3,-19,3,257,14,52,-27,-13,3,260,43,59,-23,-12,11,271,-34,23,16,-14,4,257,-53,-14,17,16,2,257,-17,49,153,1,8,269,-40,45,275,7,7,266,-77,64,373,-5,12,265,-13,93,520,0,12,259,-80,81,554,-30,16,276,-53,-30,602,-19,10,255,-110,32,551,-14,18,264,-80,-42,650,-7,19,263,-85,14,624,3,20,258,-38,104,728,0,24,265,-93,112,808,-5,23,261,-91,-4,938,-25,23,254,-80,92,903,-101,15,259,-46,43,539,-134,5,247,-35,41,-94,-76,10,242,40,74,-723,-15,22,260,71,56,-776,-11,15,258,125,347,-849,-30,8,252,138,25,-691,LEFT
-21,4,257,-16,50,-8,-17,6,261,3,50,7,-26,2,257,0,47,1,-20,5,259,20,53,-10,-19,4,260,-4,28,5,-24,5,261,3,26,-13,-13,3,259,8,33,-6,-6,7,263,12,36,37,13,8,266,-15,45,136,15,7,261,-44,63,332,5,9,265,-66,72,460,0,13,270,-102,68,599,-15,15,275,-220,-20,633,-17,5,261,-238,-22,616,-25,7,267,-174,7,610,-4,1,244,-84,10,637,-26,4,261,-58,-64,634,-8,4,254,-46,21,603,-14,9,259,2,60,606,-15,14,262,-4,46,633,-12,12,261,-1,76,628,3,17,255,-16,91,703,-41,19,263,-5,76,733,-92,10,261,-24,15,431,-103,4,254,-92,-16,-64,-83,2,236,84,96,-597,-35,17,263,25,138,-753,-1,15,250,188,498,-912,-51,1,237,219,-154,-742,-38,14,270,98,266,-773,LEFT
-20,3,256,17,39,-24,-15,6,263,27,23,1,-22,10,263,-14,26,7,-24,5,259,-7,44,-19,-12,9,262,15,80,1,-23,5,258,-5,47,18,-17,7,261,-27,29,17,-20,5,261,-17,46,15,-25,4,260,3,65,3,-18,7,260,4,45,19,-18,5,256,11,49,-1,-18,6,259,20,45,20,-24,6,266,18,33,20,-17,9,264,-17,36,19,-15,10,266,-6,55,29,0,5,257,-6,49,97,14,11,264,11,96,225,6,10,259,-38,63,368,17,16,256,9,96,598,-21,20,280,-103,40,622,-17,16,270,-143,-2,615,-17,15,264,-143,11,665,-21,11,259,-142,50,607,-13,16,263,-82,61,693,1,21,255,-63,126,776,-19,24,263,-72,107,784,-23,25,264,-125,97,788,-33,25,258,-83,140,719,-50,25,260,-76,82,636,-99,18,257,-33,75,319,LEFT
-19,9,264,1,47,19,-25,8,262,-31,25,11,-20,8,259,-12,45,8,-26,10,259,-19,49,14,-24,7,257,-4,44,-9,-24,7,260,10,40,-11,-24,8,260,3,49,-6,-18,8,259,3,49,11,-22,6,260,11,60,5,-25,8,262,-21,31,4,-21,8,260,3,59,10,-24,7,257,18,56,0,-23,10,265,-22,24,11,-23,4,255,15,41,-20,-7,7,263,26,55,2,0,11,262,9,51,118,-8,7,265,-28,14,158,4,8,257,-22,6,253,11,12,262,-5,49,394,2,18,274,-54,69,528,-2,17,263,-64,104,644,-23,19,273,-133,50,685,-18,16,263,-148,43,704,-14,19,262,-167,42,711,-18,20,261,-164,-21,758,-9,14,254,-120,103,733,-9,22,256,-100,99,818,-10,26,258,-102,121,885,-24,27,254,-55,155,938,-49,30,254,-21,157,849,LEFT
-16,2,258,1,43,1,-15,5,262,10,34,-2,-13,2,258,29,48,12,-19,7,265,-5,46,5,-19,3,258,-25,32,5,-11,4,261,18,61,2,-18,6,264,2,36,-3,-21,8,264,6,36,6,-17,2,258,-10,5,-3,14,1,256,61,52,44,19,11,264,78,76,308,37,6,247,68,101,452,-10,19,275,26,32,580,-3,22,269,-27,9,647,-21,26,277,-126,36,638,-16,23,269,-186,60,587,-18,20,268,-174,83,635,-15,17,255,-134,126,652,-16,19,260,-163,104,669,-10,16,255,-123,121,696,-27,15,254,-95,70,691,-31,16,257,-61,78,646,-30,15,249,3,156,629,-36,19,258,-1,67,521,-36,22,258,35,61,497,-71,19,261,33,13,276,-92,21,272,-44,13,-141,-70,22,261,-89,-2,-440,-41,22,259,-49,25,-618,-27,11,248,25,61,-646,LEFT
-11,5,263,17,45,8,-17,4,262,-11,33,5,-13,4,260,16,48,5,-18,7,263,4,50,-5,-10,3,258,9,41,-1,-14,5,262,15,48,2,-12,5,262,0,47,-4,-9,3,259,-12,30,11,19,2,257,20,42,107,-10,5,279,-6,32,208,5,2,264,-59,15,211,21,9,265,-26,84,403,-26,11,278,-98,25,421,2,11,272,-214,21,411,4,10,261,-185,84,562,7,8,254,-154,133,650,-4,7,257,-109,117,692,-19,8,260,-32,78,781,-7,9,256,-89,129,794,-33,13,287,-110,-27,801,-7,9,255,-153,123,818,-4,10,248,-136,-3,928,-45,8,262,-16,-13,847,-21,15,258,-154,30,746,-76,12,255,-77,-100,691,-113,5,253,-64,68,149,-96,3,247,25,75,-393,-52,16,256,148,184,-678,-26,21,258,138,188,-822,-39,5,246,153,-37,-706,LEFT
-21,1,251,-18,31,-2,-10,7,267,5,45,-8,-13,1,257,-1,49,25,-20,4,265,-4,43,22,-17,4,258,-6,45,6,-18,3,262,1,52,19,-23,5,262,0,46,17,-19,4,260,-13,55,-6,-17,2,256,9,44,11,-15,6,265,29,59,4,-21,2,259,3,42,13,-18,3,259,-9,36,1,-21,4,261,-11,48,-1,-13,3,259,-8,53,6,-18,3,259,-10,42,6,-14,5,262,7,58,25,-18,3,262,-9,34,12,-10,3,256,19,48,14,20,3,253,48,69,150,9,10,267,65,112,320,-14,7,272,-36,50,318,14,13,258,-39,76,419,-10,16,273,-61,66,556,-23,13,272,-128,69,528,-20,13,272,-158,64,572,-9,10,257,-174,96,604,-23,7,258,-176,54,573,-11,9,255,-97,74,615,1,14,251,-39,98,742,-17,15,255,-38,88,778,LEFT
-15,5,263,3,62,17,-16,3,262,-16,43,5,-16,5,264,3,60,-4,-15,4,260,-2,64,14,-24,4,260,1,42,1,-11,4,260,4,39,18,-24,9,268,8,38,-6,-7,6,261,-15,43,6,0,2,257,37,83,92,-1,3,271,8,59,143,2,7,271,-64,48,259,10,5,252,-54,89,384,-11,10,267,-45,71,465,-19,9,271,-113,52,460,0,8,256,-109,80,529,-5,8,256,-90,119,596,0,12,259,-70,121,689,-15,15,263,-75,55,785,-21,17,265,-82,85,808,-22,15,257,-123,87,777,-23,16,262,-90,107,787,-23,18,258,-95,76,768,-15,23,258,-91,16,820,0,26,254,-72,60,896,-70,36,263,-12,-33,953,-145,28,269,-49,-62,375,-127,23,249,-56,50,-345,-77,27,247,14,135,-830,-26,28,258,56,5,-834,-14,22,258,84,308,-943,LEFT
-9,5,273,-14,53,30,-15,1,263,-25,69,15,-16,2,262,-5,51,-7,-13,-2,257,11,51,4,-11,4,267,24,59,9,-15,0,259,-2,32,6,-12,2,265,-1,50,-10,-12,1,260,5,47,-12,-6,-1,258,20,67,9,-2,1,261,-10,31,52,17,2,259,20,67,133,62,12,253,58,184,398,5,7,262,77,169,690,-21,15,288,-70,84,575,-35,14,287,-117,-57,567,-3,13,263,-172,25,585,-11,11,262,-210,72,617,-13,8,256,-125,127,701,-22,12,258,-127,165,733,-21,10,253,-87,139,731,-21,12,250,-63,139,713,-10,14,248,-19,96,755,-22,21,265,-41,-40,746,-25,21,269,-38,-49,723,-24,25,265,-106,-66,750,-69,24,267,-93,-117,676,-113,12,246,-50,90,86,-95,16,245,70,87,-479,-53,25,255,112,160,-811,-27,26,261,117,171,-925,LEFT
-15,5,258,-4,34,20,-17,4,260,-14,23,4,-20,6,260,-21,41,13,-17,4,263,-28,59,5,-18,5,264,2,53,-2,-26,3,258,12,36,-29,-23,3,253,59,47,-51,-15,6,262,42,-13,-60,-11,10,271,20,45,-31,-30,8,265,-7,66,-8,-62,2,256,-14,48,-158,-63,3,257,-16,29,-423,-25,18,262,113,186,-585,-35,3,244,100,181,-571,-29,18,273,140,158,-571,-49,5,250,198,212,-703,-34,17,270,50,-2,-582,-26,19,256,210,235,-695,-41,2,252,3,-144,-550,-6,30,276,130,129,-645,-38,-9,228,76,-131,-463,-23,30,283,214,128,-559,-38,1,229,240,99,-574,-21,14,272,165,-105,-394,8,22,252,301,166,-555,88,56,286,128,33,-101,26,29,286,-118,39,468,-12,19,278,-199,36,618,-29,17,266,-266,45,656,-4,17,252,-257,99,745,RIGHT
-23,1,254,-1,46,1,-18,3,261,11,56,-4,-23,1,256,14,54,1,-20,5,270,-35,115,-39,-18,1,262,-9,-22,31,-20,2,258,2,42,21,-21,1,259,-13,37,17,-22,1,257,19,30,10,-14,7,270,1,32,44,-27,2,259,2,48,10,-22,2,263,-2,19,24,-21,1,261,-4,55,-6,-19,0,256,11,51,14,-20,3,267,11,52,24,-24,0,257,-6,54,7,-23,4,260,4,65,-29,-23,0,256,22,44,-12,-20,4,265,28,48,2,-16,2,263,-9,45,24,-23,2,261,-2,48,3,-23,3,262,-19,14,31,-22,0,253,19,47,1,-18,5,266,0,22,25,-32,-1,257,18,40,-15,-31,4,260,-2,39,-38,-45,2,251,35,69,-133,-48,-8,248,70,12,-218,-40,9,262,174,148,-369,-39,0,247,152,43,-406,-27,21,280,103,43,-361,RIGHT
-27,1,262,11,43,-7,-31,1,260,-5,20,-15,-25,0,259,25,13,3,-24,5,273,-23,20,21,-23,0,261,-13,85,-9,-25,2,262,-27,40,18,-29,-1,256,2,20,17,-32,1,258,31,27,-11,-50,1,262,37,136,-131,-70,-2,261,-3,117,-323,-46,-4,244,75,104,-446,-49,6,261,119,198,-558,-46,0,257,79,100,-540,-56,10,268,134,141,-640,-46,8,253,129,164,-759,-30,13,264,76,41,-674,-43,4,245,159,175,-718,-41,3,258,119,50,-639,-39,5,253,225,99,-739,-29,1,247,197,-81,-656,-3,6,265,188,-58,-546,53,23,286,77,-43,-320,80,21,281,-63,14,364,-10,0,267,-99,147,628,-42,2,275,-133,-105,631,-21,5,258,-158,35,674,-18,6,259,-179,-31,732,-40,7,267,-143,-12,743,-46,2,263,-176,-21,628,-22,4,251,-172,-6,703,RIGHT
-6,10,264,57,76,-3,-23,7,263,-3,51,3,-19,5,261,-14,28,23,-25,6,262,8,40,24,-21,4,259,-9,35,16,-28,5,261,-6,62,3,-25,3,258,-5,46,-19,-21,6,259,1,40,-7,-21,4,260,-13,-2,18,-30,4,258,45,48,-31,-42,11,265,-5,28,-79,-63,-3,251,44,59,-282,-47,6,263,26,-2,-409,-25,6,254,96,146,-491,-27,8,261,90,175,-450,-37,7,262,74,95,-455,-52,7,254,161,130,-605,-43,12,255,135,68,-702,-38,19,252,183,77,-730,-40,10,269,42,-83,-560,-43,5,236,221,239,-908,-33,1,251,71,-234,-650,-1,22,271,275,246,-780,51,30,273,231,95,-590,73,34,278,128,16,-53,49,20,273,-44,68,431,4,14,271,-58,139,625,-9,18,274,-191,26,685,-18,15,263,-230,-5,741,-37,9,260,-225,-40,778,RIGHT
-15,5,267,-6,51,0,-23,0,258,25,93,8,-25,3,266,-28,41,15,-23,0,258,-14,57,2,-20,1,261,5,28,22,-26,2,263,-18,11,27,-25,1,261,11,60,2,-28,0,254,13,39,10,-37,2,258,35,20,-45,-43,1,251,60,24,-137,-36,3,258,92,42,-197,-48,5,263,104,82,-305,-61,6,272,47,38,-506,-28,0,256,57,12,-486,-16,11,263,108,209,-540,-31,0,243,126,89,-477,-35,11,279,36,-11,-402,-29,14,249,211,346,-676,-33,4,256,22,-128,-440,-24,22,276,96,306,-599,-40,-4,235,59,-5,-531,-37,5,267,71,-101,-432,-31,1,246,179,89,-566,-31,4,248,249,-31,-635,-45,1,259,256,-145,-570,12,25,256,370,109,-836,83,61,297,175,-12,-325,81,54,300,-129,15,484,30,31,265,-155,183,753,-39,23,274,-145,59,902,RIGHT
-22,0,257,-38,26,14,-20,2,258,39,30,13,-22,3,262,17,48,0,-22,6,267,24,75,-21,-20,4,263,-26,25,11,-18,1,262,6,71,9,-24,2,259,-19,54,20,-24,2,258,-4,48,2,-22,3,260,10,55,6,-25,1,251,58,142,-61,-28,3,264,-14,-24,18,-24,3,264,9,46,-13,-21,3,262,-24,61,5,-24,3,262,-34,70,0,-28,2,256,-4,71,-2,-23,4,262,-13,32,-6,-24,1,255,16,33,-15,-37,0,257,36,27,-45,-37,-2,255,51,46,-152,-38,-3,258,25,-28,-163,-55,1,258,93,126,-370,-40,1,257,47,31,-396,-31,10,257,131,164,-496,-36,4,245,115,38,-422,-43,14,263,166,132,-507,-47,10,261,95,26,-556,-22,27,280,118,141,-630,-36,3,245,104,-1,-539,-26,23,280,109,107,-527,-47,-1,225,195,97,-582,RIGHT
-28,3,261,-20,-3,-6,-24,3,263,2,46,-16,-21,2,262,2,59,-17,-20,1,260,8,67,16,-29,3,262,-12,43,8,-22,2,259,12,53,14,-30,1,260,4,32,24,-30,3,261,16,55,-22,-18,3,262,-18,24,26,-23,3,260,-19,28,52,-29,1,261,-27,31,61,-38,1,256,24,76,-27,-43,8,267,-20,9,-68,-45,-3,249,43,80,-202,-57,-2,257,29,27,-286,-36,6,264,85,173,-476,-40,-9,240,44,28,-386,-47,-2,252,150,-6,-412,-40,10,265,222,98,-560,-36,8,261,136,27,-597,-27,18,284,33,17,-582,-28,13,263,57,53,-593,-23,8,255,48,81,-551,-24,4,257,49,-22,-429,-8,11,254,153,245,-461,-37,-1,255,76,-20,-322,-27,18,268,204,253,-537,-40,-11,236,80,-162,-385,-26,14,267,256,153,-518,-18,14,251,277,119,-572,RIGHT
-22,2,258,-28,42,1,-24,1,259,24,53,-7,-23,3,265,25,64,-10,-25,1,259,-19,35,-2,-21,3,263,-7,56,10,-22,1,259,-7,61,11,-21,5,262,-3,73,-6,-21,2,260,-23,43,14,-21,3,258,23,67,21,-33,-1,258,11,30,8,-36,7,266,1,47,-52,-47,-4,249,54,29,-108,-48,1,257,69,51,-264,-39,8,265,106,107,-358,-43,2,258,37,-12,-325,-59,5,260,140,114,-575,-35,16,278,34,23,-548,-30,9,259,44,138,-642,-25,12,260,81,113,-593,-25,6,251,111,84,-572,-26,6,260,50,-55,-584,-20,1,257,28,-23,-503,-22,1,253,101,107,-533,-34,-2,236,170,38,-512,-27,3,264,116,-71,-393,4,10,256,220,232,-556,69,40,279,149,33,-167,69,31,281,-46,51,515,-6,11,269,-115,104,708,-27,13,274,-191,-16,768,RIGHT
-20,2,262,-23,31,24,-24,1,258,3,61,-7,-19,1,258,2,35,-1,-16,6,270,18,68,9,-22,2,259,-2,61,-1,-21,3,262,-21,14,3,-20,1,256,30,53,13,-19,6,261,22,48,5,-17,2,262,-13,26,18,-21,1,260,-2,34,26,-28,2,259,19,50,-7,-38,3,256,22,49,-60,-46,2,259,47,79,-154,-56,-7,246,52,37,-285,-55,5,267,106,94,-407,-41,5,247,183,308,-682,-28,10,256,117,-20,-489,-35,15,272,136,72,-602,-17,27,287,45,168,-604,-33,7,252,76,138,-615,-42,4,262,-10,-138,-470,-15,18,261,87,318,-649,-39,-14,237,61,-100,-487,-42,9,256,282,380,-800,-50,-4,228,231,1,-644,-31,17,263,231,80,-679,18,26,256,274,-84,-518,100,58,292,74,-2,186,44,26,266,-70,46,711,-19,18,271,-143,65,807,RIGHT
-7,-7,260,0,33,17,-12,-7,261,23,45,5,-10,-5,265,13,40,9,-11,-7,259,6,57,-2,-13,-2,269,-18,64,-3,-11,-7,262,-2,29,-8,-11,-9,260,-9,40,2,-13,-5,265,-16,34,16,-20,-10,247,-20,35,-71,0,-5,254,48,36,-41,-1,-7,262,53,54,26,-10,-6,275,8,82,43,-21,-9,262,-21,50,-13,-10,-3,259,-5,29,-16,-3,-5,256,47,59,18,-7,-2,267,-3,60,23,-12,-6,260,7,85,4,-7,-6,259,-26,47,6,-4,-6,260,13,50,26,-11,-3,262,-27,12,27,-6,-10,258,22,32,41,-13,-3,263,28,31,36,-11,-4,259,30,20,31,-8,-3,264,-17,25,13,-10,-3,271,-12,28,28,-13,-2,266,5,48,15,-12,-5,262,4,42,11,-2,-7,262,-5,41,14,-8,-1,266,-17,38,26,-11,-5,256,19,68,14,IDLE
-23,-12,257,15,29,6,-20,-8,262,12,9,3,-19,-14,257,37,3,12,-21,-8,262,-8,46,-4,-19,-11,260,-3,81,-9,-17,-5,260,14,64,9,-23,-10,260,-35,47,2,-20,-13,256,1,40,-12,-18,-6,258,39,52,20,-20,-4,266,1,51,19,-23,-10,261,-28,43,-1,-19,-11,259,-7,37,-13,-17,-10,257,20,44,-15,-20,-9,261,8,58,-6,-18,-11,262,27,52,-1,-17,-9,261,-16,36,5,-15,-11,258,-1,63,1,-20,-9,258,3,40,-2,-14,-9,256,32,47,14,-19,-8,268,-6,34,9,-17,-10,260,11,42,7,-17,-7,260,9,26,9,-17,-11,258,13,44,23,-21,-10,264,-10,36,1,-14,-10,258,8,52,14,-16,-10,263,2,42,14,-18,-10,259,-11,61,5,-22,-9,261,2,53,5,-23,-7,258,-2,21,10,-17,-9,257,23,53,6,IDLE
-18,-8,257,-1,75,2,-21,-11,265,-9,52,-5,-19,-10,257,11,27,14,-21,-7,264,4,27,7,-19,-8,262,11,55,13,-21,-11,261,-2,53,7,-24,-8,259,-13,50,1,-21,-12,254,-1,43,-5,-19,-8,265,3,55,18,-25,-8,264,-7,45,11,-20,-10,256,7,48,5,-21,-8,259,-12,49,13,-21,-12,257,-8,46,2,-22,-6,258,10,44,-1,-20,-9,262,-2,61,11,-21,-12,260,-8,65,-1,-20,-7,263,-25,43,-2,-19,-13,255,6,28,4,-18,-9,264,6,34,3,-19,-17,258,11,48,-11,-24,-11,264,16,34,10,-19,-13,260,10,50,-8,-20,-8,260,-16,41,5,-18,-12,260,-9,54,-8,-14,-9,261,-8,40,25,-25,-9,257,1,37,25,-22,-8,262,-3,64,10,-26,-12,261,-7,58,-4,-17,-11,256,24,68,-12,-15,-10,265,-4,48,21,IDLE
-21,-12,258,1,32,9,-20,-7,262,16,49,7,-24,-11,262,-5,58,-6,-16,-9,262,-3,58,-6,-18,-11,260,-12,45,16,-20,-12,259,0,54,9,-22,-8,261,-12,58,-2,-20,-8,260,7,70,-1,-21,-7,264,-9,70,-8,-21,-7,262,-12,53,-3,-24,-10,260,17,41,-10,-18,-7,263,2,38,6,-22,-10,258,-10,47,5,-19,-10,259,-7,46,4,-17,-11,261,-29,45,-6,-19,-11,256,2,55,10,-21,-8,264,5,61,0,-23,-6,262,4,49,3,-17,-11,253,21,18,10,-18,-10,258,17,26,34,-28,-10,264,-22,9,7,-18,-12,254,32,50,-16,-12,-7,264,8,60,25,-23,-14,261,15,60,-4,-18,-9,257,2,32,-5,-19,-9,260,17,52,22,-24,-5,267,-15,42,6,-18,-11,259,-17,51,-8,-20,-7,261,-3,47,-5,-17,-12,257,-7,36,-17,IDLE
-25,-8,261,-22,58,-5,-18,-9,260,10,51,12,-18,-10,262,2,33,23,-24,-12,256,0,22,11,-19,-9,261,4,28,7,-18,-12,256,35,53,10,-22,-9,265,-7,58,9,-22,-12,259,-7,27,3,-14,-6,263,-28,57,10,-22,-13,257,-8,56,5,-20,-9,262,22,61,0,-21,-14,261,6,26,-3,-16,-12,260,15,47,-3,-19,-11,261,-7,64,12,-18,-8,263,2,54,16,-20,-12,256,-17,50,13,-21,-11,259,-14,59,-3,-19,-8,263,3,51,-1,-21,-10,260,-12,54,2,-22,-15,258,10,47,-13,-18,-10,261,15,30,13,-23,-12,261,-2,29,10,-22,-13,256,-14,40,-8,-18,-10,260,4,50,-3,-15,-14,257,13,41,4,-20,-9,265,-1,35,13,-22,-14,261,-7,38,11,-23,-10,261,2,44,6,-17,-10,260,6,52,4,-23,-12,258,-7,49,-2,IDLE
-19,-11,266,-9,55,9,-21,-11,261,-9,52,5,-20,-11,258,0,55,2,-19,-11,264,-1,41,8,-22,-14,258,12,39,4,-20,-10,261,15,39,-1,-19,-7,268,-15,39,12,-20,-13,256,0,27,9,-22,-10,256,-2,41,7,-19,-11,261,8,34,17,-23,-12,262,3,40,3,-22,-13,256,-8,58,-13,-19,-10,259,0,56,9,-19,-15,258,2,58,13,-25,-9,261,-8,48,11,-19,-12,258,-3,35,8,-22,-10,259,1,37,8,-21,-10,259,-7,25,14,-19,-12,259,20,23,23,-23,-12,263,1,43,-2,-13,-15,254,-6,37,6,-20,-8,265,4,38,13,-22,-13,257,-12,36,14,-20,-10,261,-3,49,-4,-14,-13,258,-10,65,9,-20,-13,261,-9,70,1,-18,-9,258,-7,58,-8,-17,-10,255,8,57,13,-19,-11,261,23,49,28,-25,-10,261,3,39,13,IDLE
-21,-13,259,15,36,2,-18,-12,257,21,55,15,-22,-9,262,-1,36,33,-25,-14,255,-15,30,-1,-17,-9,257,-11,47,5,-24,-12,254,7,39,24,-26,-13,261,5,41,-6,-19,-10,259,16,40,5,-17,-14,262,20,20,19,-20,-9,263,6,65,5,-27,-11,262,-24,40,-9,-16,-14,254,12,41,2,-20,-9,258,30,43,29,-21,-12,261,23,50,12,-27,-9,265,-10,50,-6,-17,-13,260,0,52,-2,-20,-11,259,-5,34,0,-20,-11,259,-3,34,25,-25,-12,257,5,50,2,-20,-11,261,3,58,-7,-20,-11,259,-21,50,-1,-21,-10,259,3,55,10,-26,-9,263,-12,43,0,-22,-13,254,5,40,-4,-18,-12,260,15,44,16,-23,-12,256,-5,45,1,-19,-12,262,14,51,3,-16,-11,263,-14,33,10,-20,-10,260,14,35,21,-19,-13,258,-4,48,14,IDLE
-19,-13,257,4,55,8,-20,-12,264,0,54,3,-21,-11,260,-3,38,1,-19,-14,255,15,36,17,-21,-11,262,11,46,15,-22,-8,263,-12,59,0,-19,-10,260,-20,50,5,-18,-13,261,0,46,4,-19,-13,258,5,59,1,-17,-9,261,6,60,12,-25,-13,262,-17,52,7,-20,-13,262,-15,41,-5,-16,-10,261,-6,62,11,-21,-13,257,10,42,12,-21,-13,258,16,37,6,-18,-9,267,0,27,11,-20,-13,259,-2,48,8,-20,-12,260,-7,68,3,-20,-10,261,-18,64,0,-20,-12,261,-2,65,4,-18,-13,262,-8,42,11,-19,-14,261,-1,41,5,-18,-11,263,10,51,18,-21,-13,258,-13,29,-7,-13,-12,260,4,49,24,-25,-12,265,-23,25,15,-19,-11,258,2,41,12,-23,-13,261,-3,39,17,-21,-11,261,4,47,-7,-16,-12,259,-3,37,9,IDLE
-18,-13,259,15,59,7,-21,-12,264,-1,57,3,-18,-11,265,16,62,5,-20,-9,265,3,36,12,-21,-11,259,2,44,8,-24,-11,257,3,38,13,-22,-13,259,20,45,8,-25,-7,262,-4,51,-4,-17,-13,261,2,57,5,-25,-11,263,-8,46,11,-22,-12,256,14,34,-3,-20,-14,262,-10,31,8,-20,-11,257,8,39,6,-21,-9,260,4,38,26,-25,-14,259,5,46,3,-21,-11,262,-11,29,-4,-21,-14,258,2,45,1,-19,-11,264,4,46,-3,-23,-9,262,-11,27,2,-17,-10,265,-4,45,3,-19,-11,262,13,51,15,-24,-11,262,-10,31,-4,-17,-11,258,7,56,2,-23,-10,265,-14,42,-2,-20,-13,257,7,54,-9,-16,-12,265,7,44,24,-22,-16,255,12,57,4,-18,-12,260,-9,57,2,-18,-11,259,8,65,9,-22,-13,259,17,54,12,IDLE
-23,-12,262,-8,57,-1,-22,-8,263,-3,46,5,-20,-12,257,3,41,9,-22,-9,262,0,56,9,-19,-11,261,5,61,8,-22,-8,262,-13,59,-6,-20,-12,260,-8,53,1,-20,-10,254,25,50,4,-21,-8,266,-8,25,15,-22,-12,256,-3,35,1,-17,-10,262,1,28,7,-19,-9,261,3,24,28,-25,-12,262,-6,32,10,-25,-11,257,6,48,-11,-17,-9,263,15,50,7,-22,-9,256,6,61,9,-20,-11,261,2,69,8,-23,-10,260,-13,82,5,-19,-10,260,-8,52,9,-19,-9,260,0,42,28,-25,-12,259,4,53,4,-21,-10,259,-6,49,-2,-17,-10,257,17,45,9,-25,-8,262,-4,46,11,-24,-11,259,-6,49,1,-22,-10,260,-11,43,9,-22,-14,254,-1,54,12,-21,-11,261,4,57,0,-21,-10,264,-7,47,4,-23,-12,261,-4,46,0,IDLE
-24,-12,259,-2,56,5,-21,-10,258,1,36,11,-21,-10,260,-3,45,17,-24,-11,258,-1,46,9,-20,-11,260,-9,42,4,-24,-12,256,-11,44,6,-19,-8,262,17,49,8,-28,-11,261,-14,48,12,-20,-12,258,-1,52,-6,-17,-9,262,-18,56,15,-24,-14,254,12,53,-2,-21,-9,262,6,46,-1,-21,-11,260,9,41,8,-27,-10,261,1,45,3,-22,-11,261,-3,49,0,-21,-10,258,9,50,13,-23,-12,263,-6,61,4,-22,-7,265,16,62,8,-22,-14,255,3,40,10,-20,-10,259,9,54,13,-25,-14,256,13,47,9,-23,-8,265,6,49,-1,-21,-11,257,23,65,8,-19,-7,257,20,54,22,-25,-5,264,-8,56,25,-23,-12,257,22,83,12,-24,-9,264,-15,49,-8,-18,-9,259,3,46,7,-26,-10,260,-10,61,0,-18,-10,257,11,62,0,IDLE
